time,value
2026-09-25T06:04:17.307Z,-0.029998779296875
2026-09-25T06:04:18.287Z,-0.3199462890625
2026-09-25T06:04:19.288Z,-0.65283203125
2026-09-25T06:04:20.288Z,-0.6664276123046875
2026-09-25T06:04:21.288Z,-0.6766357421875
2026-09-25T06:04:22.289Z,-0.7791748046875
2026-09-25T06:04:23.298Z,-0.394073486328125
2026-09-25T06:04:24.297Z,-0.4474334716796875
2026-09-25T06:04:25.298Z,-0.4957275390625
2026-09-25T06:04:26.298Z,-0.4971771240234375
2026-09-25T06:04:27.298Z,-0.44195556640625
2026-09-25T06:04:28.298Z,-0.4229583740234375
2026-09-25T06:04:29.299Z,-0.411651611328125
2026-09-25T06:04:30.299Z,-0.372039794921875
2026-09-25T06:04:31.299Z,-0.3753509521484375
2026-09-25T06:04:32.299Z,-0.3915863037109375
2026-09-25T06:04:33.3Z,-0.391693115234375
2026-09-25T06:04:34.3Z,0.0708160400390625
2026-09-25T06:04:35.3Z,-0.4020843505859375
2026-09-25T06:04:36.3Z,-0.1472015380859375
2026-09-25T06:04:37.301Z,-0.33856201171875
2026-09-25T06:04:38.301Z,-0.169219970703125
2026-09-25T06:04:39.301Z,-0.207366943359375
2026-09-25T06:04:40.301Z,-0.050018310546875
2026-09-25T06:04:41.301Z,-0.072235107421875
2026-09-25T06:04:42.302Z,0.089813232421875
2026-09-25T06:04:43.302Z,-0.020843505859375
2026-09-25T06:04:44.302Z,-0.2190704345703125
2026-09-25T06:04:45.302Z,-0.3262939453125
2026-09-25T06:04:46.302Z,-0.098052978515625
2026-09-25T06:04:47.302Z,-0.0470733642578125
2026-09-25T06:04:48.303Z,-0.0430908203125
2026-09-25T06:04:49.303Z,-0.0420989990234375
2026-09-25T06:04:50.303Z,-0.0406036376953125
2026-09-25T06:04:51.303Z,-0.0993499755859375
2026-09-25T06:04:52.304Z,0.069732666015625
2026-09-25T06:04:53.304Z,0.0480499267578125
2026-09-25T06:04:54.304Z,0.019622802734375
2026-09-25T06:04:55.304Z,-0.1172332763671875
2026-09-25T06:04:56.304Z,-0.0731201171875
2026-09-25T06:04:57.305Z,-0.0767059326171875
2026-09-25T06:04:58.305Z,0.0665435791015625
2026-09-25T06:04:59.305Z,-0.0295867919921875
2026-09-25T06:05:00.305Z,-0.004486083984375
2026-09-25T06:05:01.305Z,0.2962646484375
2026-09-25T06:05:02.305Z,-0.026397705078125
2026-09-25T06:05:03.306Z,-0.028076171875
2026-09-25T06:05:04.306Z,-0.0255889892578125
2026-09-25T06:05:05.306Z,-0.029571533203125
2026-09-25T06:05:06.306Z,-0.0283966064453125
2026-09-25T06:05:07.307Z,-0.029327392578125
2026-09-25T06:05:08.307Z,-0.02862548828125
2026-09-25T06:05:09.307Z,-0.2059783935546875
2026-09-25T06:05:10.307Z,-0.038543701171875
2026-09-25T06:05:11.307Z,-0.4440765380859375
2026-09-25T06:05:12.308Z,-0.665985107421875
2026-09-25T06:05:13.308Z,-0.766754150390625
2026-09-25T06:05:14.309Z,-0.489044189453125
2026-09-25T06:05:15.308Z,-0.5946197509765625
2026-09-25T06:05:16.309Z,-0.0178070068359375
2026-09-25T06:05:17.309Z,-0.0236968994140625
2026-09-25T06:05:18.309Z,-0.024322509765625
2026-09-25T06:05:19.309Z,-0.0319061279296875
2026-09-25T06:05:20.311Z,-0.039642333984375
2026-09-25T06:05:21.309Z,-0.025970458984375
2026-09-25T06:05:22.31Z,-0.0290679931640625
2026-09-25T06:05:23.31Z,-0.0302734375
2026-09-25T06:05:24.31Z,-0.028961181640625
2026-09-25T06:05:25.311Z,-0.026397705078125
2026-09-25T06:05:26.315Z,-0.0281219482421875
2026-09-25T06:05:27.313Z,-0.027862548828125
2026-09-25T06:05:28.314Z,-0.029388427734375
2026-09-25T06:05:29.316Z,-0.0248260498046875
2026-09-25T06:05:30.316Z,-0.028839111328125
2026-09-25T06:05:31.317Z,-0.0277252197265625
2026-09-25T06:05:32.318Z,-0.0288848876953125
2026-09-25T06:05:33.319Z,-0.026397705078125
2026-09-25T06:05:34.319Z,-0.0184478759765625
2026-09-25T06:05:35.32Z,-0.02569580078125
2026-09-25T06:05:36.321Z,-0.0222320556640625
2026-09-25T06:05:37.322Z,-0.0244903564453125
2026-09-25T06:05:38.322Z,-0.0207366943359375
2026-09-25T06:05:39.323Z,-0.0184326171875
2026-09-25T06:05:40.323Z,-0.0216064453125
2026-09-25T06:05:41.324Z,-0.025726318359375
2026-09-25T06:05:42.324Z,-0.02178955078125
2026-09-25T06:05:43.325Z,-0.0248260498046875
2026-09-25T06:05:44.325Z,-0.02276611328125
2026-09-25T06:05:45.326Z,-0.025543212890625
2026-09-25T06:05:46.326Z,-0.0223388671875
2026-09-25T06:05:47.327Z,-0.0229339599609375
2026-09-25T06:05:48.327Z,-0.022857666015625
2026-09-25T06:05:49.328Z,-0.02386474609375
2026-09-25T06:05:50.328Z,-0.0242462158203125
2026-09-25T06:05:51.328Z,-0.01995849609375
2026-09-25T06:05:52.329Z,-0.028656005859375
2026-09-25T06:05:53.329Z,0.0055084228515625
2026-09-25T06:05:54.33Z,-0.034454345703125
2026-09-25T06:05:55.33Z,-0.0046539306640625
2026-09-25T06:05:56.33Z,0.2432403564453125
2026-09-25T06:05:57.331Z,0.2369842529296875
2026-09-25T06:05:58.331Z,-0.03570556640625
2026-09-25T06:05:59.331Z,-0.029083251953125
2026-09-25T06:06:00.332Z,-0.0338897705078125
2026-09-25T06:06:01.332Z,0.2147674560546875
2026-09-25T06:06:02.332Z,-0.0474090576171875
2026-09-25T06:06:03.332Z,-0.0474090576171875
2026-09-25T06:06:04.333Z,-0.361785888671875
2026-09-25T06:06:05.333Z,0.029754638671875
2026-09-25T06:06:06.333Z,-0.5677032470703125
2026-09-25T06:06:07.334Z,0.52325439453125
2026-09-25T06:06:08.334Z,0.0765838623046875
2026-09-25T06:06:09.334Z,0.3594818115234375
2026-09-25T06:06:10.334Z,-0.022247314453125
2026-09-25T06:06:11.335Z,1.604461669921875
2026-09-25T06:06:12.335Z,0.9416351318359375
2026-09-25T06:06:13.335Z,-0.313323974609375
2026-09-25T06:06:14.336Z,-0.664031982421875
2026-09-25T06:06:15.336Z,-0.305267333984375
2026-09-25T06:06:16.336Z,-0.3181610107421875
2026-09-25T06:06:17.336Z,-0.323638916015625
2026-09-25T06:06:18.337Z,-0.3294219970703125
2026-09-25T06:06:19.338Z,-0.3260345458984375
2026-09-25T06:06:20.337Z,-0.3266143798828125
2026-09-25T06:06:21.337Z,-0.28863525390625
2026-09-25T06:06:22.337Z,-0.5426177978515625
2026-09-25T06:06:23.338Z,-0.5184173583984375
2026-09-25T06:06:24.338Z,-0.510894775390625
2026-09-25T06:06:25.338Z,-0.516448974609375
2026-09-25T06:06:26.338Z,-0.5207672119140625
2026-09-25T06:06:27.339Z,-0.5136260986328125
2026-09-25T06:06:28.339Z,-0.5027923583984375
2026-09-25T06:06:29.339Z,-0.509796142578125
2026-09-25T06:06:30.339Z,-0.5001220703125
2026-09-25T06:06:31.339Z,-0.502349853515625
2026-09-25T06:06:32.34Z,-0.5058135986328125
2026-09-25T06:06:33.34Z,-0.5187530517578125
2026-09-25T06:06:34.34Z,-0.74920654296875
2026-09-25T06:06:35.34Z,-0.1286773681640625
2026-09-25T06:06:36.341Z,-0.0528564453125
2026-09-25T06:06:37.342Z,-0.03289794921875
2026-09-25T06:06:38.341Z,-0.02606201171875
2026-09-25T06:06:39.341Z,-0.03399658203125
2026-09-25T06:06:40.342Z,-0.030242919921875
2026-09-25T06:06:41.342Z,-0.0311279296875
2026-09-25T06:06:42.342Z,-0.033294677734375
2026-09-25T06:06:43.342Z,-0.0257415771484375
2026-09-25T06:06:44.342Z,-0.0324249267578125
2026-09-25T06:06:45.343Z,-0.0285491943359375
2026-09-25T06:06:46.343Z,-0.0345458984375
2026-09-25T06:06:47.343Z,-0.0325775146484375
2026-09-25T06:06:48.343Z,-0.0319061279296875
2026-09-25T06:06:49.343Z,-0.0301513671875
2026-09-25T06:06:50.344Z,-0.0304412841796875
2026-09-25T06:06:51.344Z,-0.030059814453125
2026-09-25T06:06:52.344Z,-0.02935791015625
2026-09-25T06:06:53.344Z,-0.0246734619140625
2026-09-25T06:06:54.345Z,0.3929290771484375
2026-09-25T06:06:55.345Z,-0.2498931884765625
2026-09-25T06:06:56.345Z,-0.1048126220703125
2026-09-25T06:06:57.345Z,-0.452728271484375
2026-09-25T06:06:58.345Z,-0.4962158203125
2026-09-25T06:06:59.346Z,-0.5702056884765625
2026-09-25T06:07:00.346Z,0.429901123046875
2026-09-25T06:07:01.346Z,0.2283935546875
2026-09-25T06:07:02.346Z,-0.123931884765625
2026-09-25T06:07:03.346Z,-0.2402191162109375
2026-09-25T06:07:04.347Z,-0.5730133056640625
2026-09-25T06:07:05.347Z,-0.4097137451171875
2026-09-25T06:07:06.347Z,-0.2719573974609375
2026-09-25T06:07:07.347Z,0.3219757080078125
2026-09-25T06:07:08.348Z,-0.3506927490234375
2026-09-25T06:07:09.348Z,-0.607513427734375
2026-09-25T06:07:10.348Z,-0.4485931396484375
2026-09-25T06:07:11.348Z,-0.147491455078125
2026-09-25T06:07:12.348Z,-0.00201416015625
2026-09-25T06:07:13.349Z,0.9441375732421875
2026-09-25T06:07:14.349Z,0.8621673583984375
2026-09-25T06:07:15.349Z,0.6250762939453125
2026-09-25T06:07:16.349Z,1.366119384765625
2026-09-25T06:07:17.35Z,-0.0767669677734375
2026-09-25T06:07:18.35Z,-0.367431640625
2026-09-25T06:07:19.35Z,-0.3916015625
2026-09-25T06:07:20.35Z,-0.4202728271484375
2026-09-25T06:07:21.35Z,-0.4174652099609375
2026-09-25T06:07:22.351Z,-0.4209747314453125
2026-09-25T06:07:23.351Z,0.44232177734375
2026-09-25T06:07:24.351Z,-0.0916748046875
2026-09-25T06:07:25.351Z,-0.621978759765625
2026-09-25T06:07:26.351Z,-0.52685546875
2026-09-25T06:07:27.354Z,-0.4395294189453125
2026-09-25T06:07:38.398Z,-0.15826416015625
2026-09-25T06:07:39.4Z,-0.5428009033203125
2026-09-25T06:07:39.758Z,-0.5428009033203125
2026-09-25T06:07:40.4Z,-0.479949951171875
2026-09-25T06:07:40.759Z,-0.479949951171875
2026-09-25T06:07:41.4Z,-0.4882659912109375
2026-09-25T06:07:41.759Z,-0.4882659912109375
2026-09-25T06:07:42.401Z,-0.02398681640625
2026-09-25T06:07:42.759Z,-0.02398681640625
2026-09-25T06:07:43.401Z,1.3755035400390625
2026-09-25T06:07:43.759Z,1.3755035400390625
2026-09-25T06:07:44.401Z,2.3118896484375
2026-09-25T06:07:44.759Z,2.3118896484375
2026-09-25T06:07:45.401Z,0.2969512939453125
2026-09-25T06:07:45.76Z,0.2969512939453125
2026-09-25T06:07:46.401Z,1.3704833984375
2026-09-25T06:07:46.76Z,1.3704833984375
2026-09-25T06:07:47.402Z,0.0641021728515625
2026-09-25T06:07:47.76Z,0.0641021728515625
2026-09-25T06:07:48.402Z,0.0979766845703125
2026-09-25T06:07:48.76Z,0.0979766845703125
2026-09-25T06:07:49.402Z,-0.0914306640625
2026-09-25T06:07:49.761Z,-0.0914306640625
2026-09-25T06:07:50.402Z,0.1623687744140625
2026-09-25T06:07:50.761Z,0.1623687744140625
2026-09-25T06:07:51.402Z,0.0576171875
2026-09-25T06:07:51.761Z,0.0576171875
2026-09-25T06:07:52.403Z,0.355010986328125
2026-09-25T06:07:52.761Z,0.355010986328125
2026-09-25T06:07:53.403Z,0.3557281494140625
2026-09-25T06:07:53.761Z,0.3557281494140625
2026-09-25T06:07:54.403Z,0.39630126953125
2026-09-25T06:07:54.762Z,0.39630126953125
2026-09-25T06:07:55.403Z,-0.5575408935546875
2026-09-25T06:07:55.762Z,-0.5575408935546875
2026-09-25T06:07:56.404Z,0.443695068359375
2026-09-25T06:07:56.762Z,0.443695068359375
2026-09-25T06:07:57.404Z,0.045196533203125
2026-09-25T06:07:57.762Z,0.045196533203125
2026-09-25T06:07:58.404Z,0.018585205078125
2026-09-25T06:07:58.762Z,0.018585205078125
2026-09-25T06:07:59.404Z,-0.0700836181640625
2026-09-25T06:07:59.763Z,-0.0700836181640625
2026-09-25T06:08:00.404Z,-0.0838165283203125
2026-09-25T06:08:00.763Z,-0.0838165283203125
2026-09-25T06:08:01.405Z,0.070037841796875
2026-09-25T06:08:01.763Z,0.070037841796875
2026-09-25T06:08:02.405Z,-0.030548095703125
2026-09-25T06:08:02.763Z,-0.030548095703125
2026-09-25T06:08:03.405Z,-0.0247344970703125
2026-09-25T06:08:03.763Z,-0.0247344970703125
2026-09-25T06:08:04.405Z,0.4181976318359375
2026-09-25T06:08:04.764Z,0.4181976318359375
2026-09-25T06:08:05.405Z,0.2920989990234375
2026-09-25T06:08:05.764Z,0.2920989990234375
2026-09-25T06:08:06.406Z,0.4544525146484375
2026-09-25T06:08:06.764Z,0.4544525146484375
2026-09-25T06:08:07.406Z,0.2915802001953125
2026-09-25T06:08:07.764Z,0.2915802001953125
2026-09-25T06:08:08.406Z,0.467437744140625
2026-09-25T06:08:08.764Z,0.467437744140625
2026-09-25T06:08:09.406Z,-0.5235595703125
2026-09-25T06:08:09.765Z,-0.5235595703125
2026-09-25T06:08:10.407Z,0.5491180419921875
2026-09-25T06:08:10.765Z,0.5491180419921875
2026-09-25T06:08:11.407Z,0.9493865966796875
2026-09-25T06:08:11.765Z,0.9493865966796875
2026-09-25T06:08:12.407Z,-0.3424224853515625
2026-09-25T06:08:12.765Z,-0.3424224853515625
2026-09-25T06:08:13.407Z,0.795867919921875
2026-09-25T06:08:13.765Z,0.795867919921875
2026-09-25T06:08:14.407Z,-0.2283782958984375
2026-09-25T06:08:14.766Z,-0.2283782958984375
2026-09-25T06:08:15.408Z,-0.2835845947265625
2026-09-25T06:08:15.766Z,-0.2835845947265625
2026-09-25T06:08:16.408Z,-0.00152587890625
2026-09-25T06:08:16.766Z,-0.00152587890625
2026-09-25T06:08:17.408Z,-0.2353668212890625
2026-09-25T06:08:17.766Z,-0.2353668212890625
2026-09-25T06:08:18.408Z,0.3802490234375
2026-09-25T06:08:18.767Z,0.3802490234375
2026-09-25T06:08:19.408Z,0.1828460693359375
2026-09-25T06:08:19.767Z,0.1828460693359375
2026-09-25T06:08:20.409Z,0.7977447509765625
2026-09-25T06:08:20.767Z,0.7977447509765625
2026-09-25T06:08:21.409Z,0.7542724609375
2026-09-25T06:08:21.767Z,0.7542724609375
2026-09-25T06:08:22.409Z,0.710479736328125
2026-09-25T06:08:22.767Z,0.710479736328125
2026-09-25T06:08:23.409Z,1.041290283203125
2026-09-25T06:08:23.768Z,1.041290283203125
2026-09-25T06:08:24.409Z,0.429901123046875
2026-09-25T06:08:24.768Z,0.429901123046875
2026-09-25T06:08:25.41Z,0.6579132080078125
2026-09-25T06:08:25.768Z,0.6579132080078125
2026-09-25T06:08:26.41Z,0.661895751953125
2026-09-25T06:08:26.768Z,0.661895751953125
2026-09-25T06:08:27.41Z,1.018890380859375
2026-09-25T06:08:27.769Z,1.018890380859375
2026-09-25T06:08:28.41Z,1.1838836669921875
2026-09-25T06:08:28.769Z,1.1838836669921875
2026-09-25T06:08:29.411Z,0.8101348876953125
2026-09-25T06:08:29.769Z,0.8101348876953125
2026-09-25T06:08:30.411Z,0.95635986328125
2026-09-25T06:08:30.769Z,0.95635986328125
2026-09-25T06:08:31.411Z,1.2469635009765625
2026-09-25T06:08:31.769Z,1.2469635009765625
2026-09-25T06:08:32.411Z,1.042510986328125
2026-09-25T06:08:32.77Z,1.042510986328125
2026-09-25T06:08:33.411Z,0.5655517578125
2026-09-25T06:08:33.77Z,0.5655517578125
2026-09-25T06:08:34.412Z,0.890289306640625
2026-09-25T06:08:34.77Z,0.890289306640625
2026-09-25T06:08:35.412Z,1.346466064453125
2026-09-25T06:08:35.77Z,1.346466064453125
2026-09-25T06:08:36.412Z,0.9210662841796875
2026-09-25T06:08:36.77Z,0.9210662841796875
2026-09-25T06:08:37.412Z,0.70135498046875
2026-09-25T06:08:37.771Z,0.70135498046875
2026-09-25T06:08:38.412Z,0.6079254150390625
2026-09-25T06:08:38.771Z,0.6079254150390625
2026-09-25T06:08:39.413Z,0.93304443359375
2026-09-25T06:08:39.771Z,0.93304443359375
2026-09-25T06:08:40.413Z,1.1236114501953125
2026-09-25T06:08:40.771Z,1.1236114501953125
2026-09-25T06:08:41.413Z,0.77630615234375
2026-09-25T06:08:41.771Z,0.77630615234375
2026-09-25T06:08:42.413Z,1.39276123046875
2026-09-25T06:08:42.772Z,1.39276123046875
2026-09-25T06:08:43.414Z,1.10125732421875
2026-09-25T06:08:43.772Z,1.10125732421875
2026-09-25T06:08:44.414Z,0.6500244140625
2026-09-25T06:08:44.772Z,0.6500244140625
2026-09-25T06:08:45.414Z,0.6805419921875
2026-09-25T06:08:45.772Z,0.6805419921875
2026-09-25T06:08:46.414Z,0.7418212890625
2026-09-25T06:08:46.772Z,0.7418212890625
2026-09-25T06:08:47.414Z,0.82720947265625
2026-09-25T06:08:47.773Z,0.82720947265625
2026-09-25T06:08:48.415Z,0.3592987060546875
2026-09-25T06:08:48.773Z,0.3592987060546875
2026-09-25T06:08:49.415Z,1.3023681640625
2026-09-25T06:08:49.773Z,1.3023681640625
2026-09-25T06:08:50.415Z,0.923095703125
2026-09-25T06:08:50.773Z,0.923095703125
2026-09-25T06:08:51.415Z,0.7783050537109375
2026-09-25T06:08:51.774Z,0.7783050537109375
2026-09-25T06:08:52.415Z,0.74713134765625
2026-09-25T06:08:52.774Z,0.74713134765625
2026-09-25T06:08:53.416Z,0.76776123046875
2026-09-25T06:08:53.774Z,0.76776123046875
2026-09-25T06:08:54.416Z,0.7637176513671875
2026-09-25T06:08:54.774Z,0.7637176513671875
2026-09-25T06:08:55.416Z,1.1179656982421875
2026-09-25T06:08:55.774Z,1.1179656982421875
2026-09-25T06:08:56.416Z,0.8162841796875
2026-09-25T06:08:56.775Z,0.8162841796875
2026-09-25T06:08:57.416Z,0.9210052490234375
2026-09-25T06:08:57.775Z,0.9210052490234375
2026-09-25T06:08:58.417Z,1.109954833984375
2026-09-25T06:08:58.775Z,1.109954833984375
2026-09-25T06:08:59.417Z,0.856353759765625
2026-09-25T06:08:59.775Z,0.856353759765625
2026-09-25T06:09:00.417Z,0.761077880859375
2026-09-25T06:09:00.775Z,0.761077880859375
2026-09-25T06:09:01.417Z,0.9646453857421875
2026-09-25T06:09:01.776Z,0.9646453857421875
2026-09-25T06:09:02.418Z,0.968719482421875
2026-09-25T06:09:02.776Z,0.968719482421875
2026-09-25T06:09:03.418Z,1.11175537109375
2026-09-25T06:09:03.776Z,1.11175537109375
2026-09-25T06:09:04.418Z,1.3742523193359375
2026-09-25T06:09:04.776Z,1.3742523193359375
2026-09-25T06:09:05.418Z,0.96282958984375
2026-09-25T06:09:05.777Z,0.96282958984375
2026-09-25T06:09:06.418Z,0.92218017578125
2026-09-25T06:09:06.777Z,0.92218017578125
2026-09-25T06:09:07.419Z,0.686737060546875
2026-09-25T06:09:07.777Z,0.686737060546875
2026-09-25T06:09:08.419Z,1.3947906494140625
2026-09-25T06:09:08.777Z,1.3947906494140625
2026-09-25T06:09:09.419Z,0.91595458984375
2026-09-25T06:09:09.777Z,0.91595458984375
2026-09-25T06:09:10.419Z,0.696746826171875
2026-09-25T06:09:10.778Z,0.696746826171875
2026-09-25T06:09:11.42Z,1.4090118408203125
2026-09-25T06:09:11.778Z,1.4090118408203125
2026-09-25T06:09:12.42Z,1.16937255859375
2026-09-25T06:09:12.778Z,1.16937255859375
2026-09-25T06:09:13.42Z,0.88165283203125
2026-09-25T06:09:13.778Z,0.88165283203125
2026-09-25T06:09:14.42Z,0.876708984375
2026-09-25T06:09:14.778Z,0.876708984375
2026-09-25T06:09:15.42Z,0.9456939697265625
2026-09-25T06:09:15.779Z,0.9456939697265625
2026-09-25T06:09:16.421Z,1.052490234375
2026-09-25T06:09:16.779Z,1.052490234375
2026-09-25T06:09:17.421Z,1.086639404296875
2026-09-25T06:09:17.779Z,1.086639404296875
2026-09-25T06:09:18.421Z,0.73590087890625
2026-09-25T06:09:18.779Z,0.73590087890625
2026-09-25T06:09:19.421Z,0.8227081298828125
2026-09-25T06:09:19.78Z,0.8227081298828125
2026-09-25T06:09:20.421Z,0.92822265625
2026-09-25T06:09:20.78Z,0.92822265625
2026-09-25T06:09:21.422Z,1.29632568359375
2026-09-25T06:09:21.78Z,1.29632568359375
2026-09-25T06:09:22.422Z,1.0127716064453125
2026-09-25T06:09:22.78Z,1.0127716064453125
2026-09-25T06:09:23.422Z,0.6778564453125
2026-09-25T06:09:23.78Z,0.6778564453125
2026-09-25T06:09:24.422Z,1.3712158203125
2026-09-25T06:09:24.781Z,1.3712158203125
2026-09-25T06:09:25.423Z,0.899200439453125
2026-09-25T06:09:25.781Z,0.899200439453125
2026-09-25T06:09:26.423Z,1.038055419921875
2026-09-25T06:09:26.781Z,1.038055419921875
2026-09-25T06:09:27.423Z,0.9676971435546875
2026-09-25T06:09:27.781Z,0.9676971435546875
2026-09-25T06:09:28.423Z,0.9821014404296875
2026-09-25T06:09:28.782Z,0.9821014404296875
2026-09-25T06:09:29.423Z,1.2184295654296875
2026-09-25T06:09:29.782Z,1.2184295654296875
2026-09-25T06:09:30.423Z,0.6654510498046875
2026-09-25T06:09:30.782Z,0.6654510498046875
2026-09-25T06:09:31.424Z,1.3380279541015625
2026-09-25T06:09:31.782Z,1.3380279541015625
2026-09-25T06:09:32.424Z,1.0439300537109375
2026-09-25T06:09:32.782Z,1.0439300537109375
2026-09-25T06:09:33.424Z,0.6545867919921875
2026-09-25T06:09:33.782Z,0.6545867919921875
2026-09-25T06:09:34.424Z,1.060516357421875
2026-09-25T06:09:34.783Z,1.060516357421875
2026-09-25T06:09:35.425Z,1.3463897705078125
2026-09-25T06:09:35.783Z,1.3463897705078125
2026-09-25T06:09:36.425Z,1.2206878662109375
2026-09-25T06:09:36.783Z,1.2206878662109375
2026-09-25T06:09:37.425Z,0.7165069580078125
2026-09-25T06:09:37.783Z,0.7165069580078125
2026-09-25T06:09:38.425Z,0.8409881591796875
2026-09-25T06:09:38.784Z,0.8409881591796875
2026-09-25T06:09:39.426Z,1.26641845703125
2026-09-25T06:09:39.784Z,1.26641845703125
2026-09-25T06:09:40.426Z,1.038360595703125
2026-09-25T06:09:40.784Z,1.038360595703125
2026-09-25T06:09:41.426Z,1.1173858642578125
2026-09-25T06:09:41.784Z,1.1173858642578125
2026-09-25T06:09:42.426Z,1.1958770751953125
2026-09-25T06:09:42.785Z,1.1958770751953125
2026-09-25T06:09:43.426Z,0.9669647216796875
2026-09-25T06:09:43.785Z,0.9669647216796875
2026-09-25T06:09:44.427Z,1.1641845703125
2026-09-25T06:09:44.785Z,1.1641845703125
2026-09-25T06:09:45.427Z,1.1868438720703125
2026-09-25T06:09:45.785Z,1.1868438720703125
2026-09-25T06:09:46.427Z,1.200164794921875
2026-09-25T06:09:46.785Z,1.200164794921875
2026-09-25T06:09:47.427Z,1.2091217041015625
2026-09-25T06:09:47.786Z,1.2091217041015625
2026-09-25T06:09:48.427Z,0.8946380615234375
2026-09-25T06:09:48.786Z,0.8946380615234375
2026-09-25T06:09:49.428Z,1.195404052734375
2026-09-25T06:09:49.786Z,1.195404052734375
2026-09-25T06:09:50.428Z,1.092987060546875
2026-09-25T06:09:50.786Z,1.092987060546875
2026-09-25T06:09:51.428Z,1.2225799560546875
2026-09-25T06:09:51.786Z,1.2225799560546875
2026-09-25T06:09:52.428Z,1.2708892822265625
2026-09-25T06:09:52.787Z,1.2708892822265625
2026-09-25T06:09:53.428Z,1.0380401611328125
2026-09-25T06:09:53.787Z,1.0380401611328125
2026-09-25T06:09:54.429Z,1.4836578369140625
2026-09-25T06:09:54.787Z,1.4836578369140625
2026-09-25T06:09:55.429Z,1.707489013671875
2026-09-25T06:09:55.787Z,1.707489013671875
2026-09-25T06:09:56.429Z,1.1869049072265625
2026-09-25T06:09:56.787Z,1.1869049072265625
2026-09-25T06:09:57.429Z,1.1264190673828125
2026-09-25T06:09:57.788Z,1.1264190673828125
2026-09-25T06:09:58.43Z,0.517730712890625
2026-09-25T06:09:58.788Z,0.517730712890625
2026-09-25T06:09:59.43Z,0.7164459228515625
2026-09-25T06:09:59.788Z,0.7164459228515625
2026-09-25T06:10:00.43Z,1.3816375732421875
2026-09-25T06:10:00.789Z,1.3816375732421875
2026-09-25T06:10:01.431Z,0.9989166259765625
2026-09-25T06:10:01.789Z,0.9989166259765625
2026-09-25T06:10:02.431Z,0.9159393310546875
2026-09-25T06:10:02.789Z,0.9159393310546875
2026-09-25T06:10:03.431Z,0.9783782958984375
2026-09-25T06:10:03.79Z,0.9783782958984375
2026-09-25T06:10:04.431Z,0.8110504150390625
2026-09-25T06:10:04.79Z,0.8110504150390625
2026-09-25T06:10:05.432Z,1.147308349609375
2026-09-25T06:10:05.79Z,1.147308349609375
2026-09-25T06:10:06.432Z,0.8878173828125
2026-09-25T06:10:06.79Z,0.8878173828125
2026-09-25T06:10:07.432Z,0.4529266357421875
2026-09-25T06:10:07.791Z,0.4529266357421875
2026-09-25T06:10:08.433Z,0.6413726806640625
2026-09-25T06:10:08.791Z,0.6413726806640625
2026-09-25T06:10:09.433Z,0.6643829345703125
2026-09-25T06:10:09.791Z,0.6643829345703125
2026-09-25T06:10:10.433Z,0.74932861328125
2026-09-25T06:10:10.792Z,0.74932861328125
2026-09-25T06:10:11.434Z,0.9112701416015625
2026-09-25T06:10:11.792Z,0.9112701416015625
2026-09-25T06:10:12.434Z,0.817352294921875
2026-09-25T06:10:12.792Z,0.817352294921875
2026-09-25T06:10:13.434Z,0.760101318359375
2026-09-25T06:10:13.792Z,0.760101318359375
2026-09-25T06:10:14.434Z,0.698211669921875
2026-09-25T06:10:14.793Z,0.698211669921875
2026-09-25T06:10:15.435Z,0.7615966796875
2026-09-25T06:10:15.793Z,0.7615966796875
2026-09-25T06:10:16.435Z,1.176483154296875
2026-09-25T06:10:16.793Z,1.176483154296875
2026-09-25T06:10:17.435Z,1.24615478515625
2026-09-25T06:10:17.794Z,1.24615478515625
2026-09-25T06:10:18.436Z,0.6993865966796875
2026-09-25T06:10:18.794Z,0.6993865966796875
2026-09-25T06:10:19.436Z,0.9351806640625
2026-09-25T06:10:19.794Z,0.9351806640625
2026-09-25T06:10:20.436Z,0.931121826171875
2026-09-25T06:10:20.794Z,0.931121826171875
2026-09-25T06:10:21.436Z,0.5540618896484375
2026-09-25T06:10:21.795Z,0.5540618896484375
2026-09-25T06:10:22.436Z,0.7359466552734375
2026-09-25T06:10:22.795Z,0.7359466552734375
2026-09-25T06:10:23.437Z,1.0928802490234375
2026-09-25T06:10:23.795Z,1.0928802490234375
2026-09-25T06:10:24.437Z,0.715728759765625
2026-09-25T06:10:24.795Z,0.715728759765625
2026-09-25T06:10:25.437Z,0.5684051513671875
2026-09-25T06:10:25.795Z,0.5684051513671875
2026-09-25T06:10:26.437Z,0.813323974609375
2026-09-25T06:10:26.796Z,0.813323974609375
2026-09-25T06:10:27.438Z,0.6890716552734375
2026-09-25T06:10:27.796Z,0.6890716552734375
2026-09-25T06:10:28.438Z,0.8935394287109375
2026-09-25T06:10:28.796Z,0.8935394287109375
2026-09-25T06:10:29.438Z,0.9404144287109375
2026-09-25T06:10:29.796Z,0.9404144287109375
2026-09-25T06:10:30.438Z,1.0734405517578125
2026-09-25T06:10:30.797Z,1.0734405517578125
2026-09-25T06:10:31.439Z,1.0289459228515625
2026-09-25T06:10:31.797Z,1.0289459228515625
2026-09-25T06:10:32.44Z,1.0982513427734375
2026-09-25T06:10:32.797Z,1.0982513427734375
2026-09-25T06:10:33.439Z,0.8268280029296875
2026-09-25T06:10:33.797Z,0.8268280029296875
2026-09-25T06:10:34.439Z,0.804840087890625
2026-09-25T06:10:34.798Z,0.804840087890625
2026-09-25T06:10:35.44Z,0.8054962158203125
2026-09-25T06:10:35.798Z,0.8054962158203125
2026-09-25T06:10:36.44Z,0.9775238037109375
2026-09-25T06:10:36.798Z,0.9775238037109375
2026-09-25T06:10:37.44Z,1.081878662109375
2026-09-25T06:10:37.799Z,1.081878662109375
2026-09-25T06:10:38.44Z,1.0321807861328125
2026-09-25T06:10:38.799Z,1.0321807861328125
2026-09-25T06:10:39.441Z,0.98590087890625
2026-09-25T06:10:39.799Z,0.98590087890625
2026-09-25T06:10:40.441Z,0.9131011962890625
2026-09-25T06:10:40.799Z,0.9131011962890625
2026-09-25T06:10:41.441Z,0.897064208984375
2026-09-25T06:10:41.802Z,0.897064208984375
2026-09-25T06:10:42.441Z,0.6631011962890625
2026-09-25T06:10:42.808Z,0.6631011962890625
2026-09-25T06:10:43.441Z,0.6631011962890625
2026-09-25T06:10:43.808Z,0.821319580078125
2026-09-25T06:10:44.442Z,0.821319580078125
2026-09-25T06:10:44.808Z,0.8640289306640625
2026-09-25T06:10:45.442Z,0.8640289306640625
2026-09-25T06:10:45.809Z,0.7593231201171875
2026-09-25T06:10:46.442Z,0.7593231201171875
2026-09-25T06:10:46.809Z,0.7973480224609375
2026-09-25T06:10:47.442Z,0.7973480224609375
2026-09-25T06:10:47.809Z,0.7532958984375
2026-09-25T06:10:48.443Z,0.7532958984375
2026-09-25T06:10:48.809Z,0.9149932861328125
2026-09-25T06:10:49.443Z,0.9149932861328125
2026-09-25T06:10:49.809Z,0.9134063720703125
2026-09-25T06:10:50.444Z,0.9134063720703125
2026-09-25T06:10:50.81Z,0.7034454345703125
2026-09-25T06:10:51.443Z,0.7034454345703125
2026-09-25T06:10:51.81Z,0.9358062744140625
2026-09-25T06:10:52.443Z,0.9358062744140625
2026-09-25T06:10:52.81Z,0.8658905029296875
2026-09-25T06:10:53.444Z,0.8658905029296875
2026-09-25T06:10:53.81Z,0.8736419677734375
2026-09-25T06:10:54.444Z,0.8736419677734375
2026-09-25T06:10:54.811Z,0.7384185791015625
2026-09-25T06:10:55.444Z,0.7384185791015625
2026-09-25T06:10:55.811Z,0.976165771484375
2026-09-25T06:10:56.444Z,0.976165771484375
2026-09-25T06:10:56.811Z,0.921844482421875
2026-09-25T06:10:57.445Z,0.921844482421875
2026-09-25T06:10:57.811Z,0.4763336181640625
2026-09-25T06:10:58.445Z,0.4763336181640625
2026-09-25T06:10:58.811Z,0.977508544921875
2026-09-25T06:10:59.445Z,0.977508544921875
2026-09-25T06:10:59.812Z,0.7181549072265625
2026-09-25T06:11:00.445Z,0.7181549072265625
2026-09-25T06:11:00.812Z,0.880950927734375
2026-09-25T06:11:01.445Z,0.880950927734375
2026-09-25T06:11:01.812Z,0.693634033203125
2026-09-25T06:11:02.446Z,0.693634033203125
2026-09-25T06:11:02.813Z,0.6425628662109375
2026-09-25T06:11:03.446Z,0.6425628662109375
2026-09-25T06:11:03.813Z,0.544189453125
2026-09-25T06:11:04.446Z,0.544189453125
2026-09-25T06:11:04.813Z,1.1170806884765625
2026-09-25T06:11:05.446Z,1.1170806884765625
2026-09-25T06:11:05.813Z,0.8216400146484375
2026-09-25T06:11:06.447Z,0.8216400146484375
2026-09-25T06:11:06.813Z,0.756683349609375
2026-09-25T06:11:07.447Z,0.756683349609375
2026-09-25T06:11:07.814Z,0.7252197265625
2026-09-25T06:11:08.447Z,0.7252197265625
2026-09-25T06:11:08.814Z,0.722930908203125
2026-09-25T06:11:09.447Z,0.722930908203125
2026-09-25T06:11:09.814Z,0.56402587890625
2026-09-25T06:11:10.448Z,0.56402587890625
2026-09-25T06:11:10.814Z,0.828948974609375
2026-09-25T06:11:11.448Z,0.828948974609375
2026-09-25T06:11:11.814Z,0.84051513671875
2026-09-25T06:11:12.448Z,0.84051513671875
2026-09-25T06:11:12.815Z,0.5990447998046875
2026-09-25T06:11:13.448Z,0.5990447998046875
2026-09-25T06:11:13.815Z,0.9561614990234375
2026-09-25T06:11:14.448Z,0.9561614990234375
2026-09-25T06:11:14.815Z,1.0578460693359375
2026-09-25T06:11:15.449Z,1.0578460693359375
2026-09-25T06:11:15.815Z,1.384613037109375
2026-09-25T06:11:16.449Z,1.384613037109375
2026-09-25T06:11:16.815Z,0.5163726806640625
2026-09-25T06:11:17.449Z,0.5163726806640625
2026-09-25T06:11:17.816Z,1.42596435546875
2026-09-25T06:11:18.449Z,1.42596435546875
2026-09-25T06:11:18.816Z,1.1797027587890625
2026-09-25T06:11:19.449Z,1.1797027587890625
2026-09-25T06:11:19.817Z,1.254058837890625
2026-09-25T06:11:20.45Z,1.254058837890625
2026-09-25T06:11:20.816Z,1.3402099609375
2026-09-25T06:11:21.45Z,1.3402099609375
2026-09-25T06:11:21.817Z,0.9605712890625
2026-09-25T06:11:22.45Z,0.9605712890625
2026-09-25T06:11:22.817Z,0.8016357421875
2026-09-25T06:11:23.45Z,0.8016357421875
2026-09-25T06:11:23.817Z,0.3504791259765625
2026-09-25T06:11:24.451Z,0.3504791259765625
2026-09-25T06:11:24.817Z,1.2196807861328125
2026-09-25T06:11:25.451Z,1.2196807861328125
2026-09-25T06:11:25.818Z,0.8650970458984375
2026-09-25T06:11:26.451Z,0.8650970458984375
2026-09-25T06:11:26.818Z,0.7790374755859375
2026-09-25T06:11:27.451Z,0.7790374755859375
2026-09-25T06:11:27.818Z,0.7394256591796875
2026-09-25T06:11:28.451Z,0.7394256591796875
2026-09-25T06:11:28.818Z,0.7829132080078125
2026-09-25T06:11:29.453Z,0.7829132080078125
2026-09-25T06:11:29.818Z,0.68353271484375
2026-09-25T06:11:30.452Z,0.68353271484375
2026-09-25T06:11:30.819Z,1.09405517578125
2026-09-25T06:11:31.452Z,1.09405517578125
2026-09-25T06:11:31.819Z,0.9557037353515625
2026-09-25T06:11:32.452Z,0.9557037353515625
2026-09-25T06:11:32.819Z,0.8847198486328125
2026-09-25T06:11:33.453Z,0.8847198486328125
2026-09-25T06:11:33.819Z,0.756011962890625
2026-09-25T06:11:34.453Z,0.756011962890625
2026-09-25T06:11:34.819Z,0.8050689697265625
2026-09-25T06:11:35.453Z,0.8050689697265625
2026-09-25T06:11:35.82Z,1.1062469482421875
2026-09-25T06:11:36.453Z,1.1062469482421875
2026-09-25T06:11:36.82Z,1.036895751953125
2026-09-25T06:11:37.453Z,1.036895751953125
2026-09-25T06:11:37.82Z,0.9357147216796875
2026-09-25T06:11:38.454Z,0.9357147216796875
2026-09-25T06:11:38.82Z,1.06103515625
2026-09-25T06:11:39.454Z,1.06103515625
2026-09-25T06:11:39.821Z,0.6878204345703125
2026-09-25T06:11:40.454Z,0.6878204345703125
2026-09-25T06:11:40.821Z,0.74859619140625
2026-09-25T06:11:41.454Z,0.74859619140625
2026-09-25T06:11:41.821Z,1.0603179931640625
2026-09-25T06:11:42.455Z,1.0603179931640625
2026-09-25T06:11:42.821Z,1.121734619140625
2026-09-25T06:11:43.455Z,1.121734619140625
2026-09-25T06:11:43.822Z,1.0712738037109375
2026-09-25T06:11:44.455Z,1.0712738037109375
2026-09-25T06:11:44.822Z,1.4612274169921875
2026-09-25T06:11:45.455Z,1.4612274169921875
2026-09-25T06:11:45.822Z,1.31805419921875
2026-09-25T06:11:46.455Z,1.31805419921875
2026-09-25T06:11:46.822Z,0.97601318359375
2026-09-25T06:11:47.456Z,0.97601318359375
2026-09-25T06:11:47.822Z,0.8177947998046875
2026-09-25T06:11:48.456Z,0.8177947998046875
2026-09-25T06:11:48.823Z,0.8007049560546875
2026-09-25T06:11:49.456Z,0.8007049560546875
2026-09-25T06:11:49.823Z,1.298095703125
2026-09-25T06:11:50.456Z,1.298095703125
2026-09-25T06:11:50.823Z,1.245452880859375
2026-09-25T06:11:51.457Z,1.245452880859375
2026-09-25T06:11:51.823Z,0.927886962890625
2026-09-25T06:11:52.457Z,0.927886962890625
2026-09-25T06:11:52.824Z,0.890380859375
2026-09-25T06:11:53.457Z,0.890380859375
2026-09-25T06:11:53.824Z,1.0825042724609375
2026-09-25T06:11:54.457Z,1.0825042724609375
2026-09-25T06:11:54.824Z,0.315521240234375
2026-09-25T06:11:55.457Z,0.315521240234375
2026-09-25T06:11:55.824Z,0.4820709228515625
2026-09-25T06:11:56.458Z,0.4820709228515625
2026-09-25T06:11:56.824Z,1.269195556640625
2026-09-25T06:11:57.458Z,1.269195556640625
2026-09-25T06:11:57.825Z,1.35443115234375
2026-09-25T06:11:58.458Z,1.35443115234375
2026-09-25T06:11:58.825Z,0.6640625
2026-09-25T06:11:59.458Z,0.6640625
2026-09-25T06:11:59.825Z,0.5543975830078125
2026-09-25T06:12:00.458Z,0.5543975830078125
2026-09-25T06:12:00.825Z,0.63818359375
2026-09-25T06:12:01.459Z,0.63818359375
2026-09-25T06:12:01.825Z,1.2338409423828125
2026-09-25T06:12:02.459Z,1.2338409423828125
2026-09-25T06:12:02.826Z,0.8877410888671875
2026-09-25T06:12:03.459Z,0.8877410888671875
2026-09-25T06:12:03.826Z,0.6815948486328125
2026-09-25T06:12:04.459Z,0.6815948486328125
2026-09-25T06:12:04.826Z,0.4422454833984375
2026-09-25T06:12:05.46Z,0.4422454833984375
2026-09-25T06:12:05.826Z,0.6197967529296875
2026-09-25T06:12:06.46Z,0.6197967529296875
2026-09-25T06:12:06.827Z,0.7346343994140625
2026-09-25T06:12:07.46Z,0.7346343994140625
2026-09-25T06:12:07.827Z,1.0157012939453125
2026-09-25T06:12:08.46Z,1.0157012939453125
2026-09-25T06:12:08.827Z,0.714752197265625
2026-09-25T06:12:09.461Z,0.714752197265625
2026-09-25T06:12:09.827Z,0.640655517578125
2026-09-25T06:12:10.461Z,0.640655517578125
2026-09-25T06:12:10.828Z,0.862457275390625
2026-09-25T06:12:11.461Z,0.862457275390625
2026-09-25T06:12:11.828Z,1.12445068359375
2026-09-25T06:12:12.461Z,1.12445068359375
2026-09-25T06:12:12.828Z,1.1950531005859375
2026-09-25T06:12:13.462Z,1.1950531005859375
2026-09-25T06:12:13.828Z,1.077362060546875
2026-09-25T06:12:14.462Z,1.077362060546875
2026-09-25T06:12:14.829Z,0.8150634765625
2026-09-25T06:12:15.462Z,0.8150634765625
2026-09-25T06:12:15.829Z,0.7823028564453125
2026-09-25T06:12:16.462Z,0.7823028564453125
2026-09-25T06:12:16.829Z,0.8773040771484375
2026-09-25T06:12:17.463Z,0.8773040771484375
2026-09-25T06:12:17.829Z,0.9423980712890625
2026-09-25T06:12:18.463Z,0.9423980712890625
2026-09-25T06:12:18.83Z,1.1939239501953125
2026-09-25T06:12:19.463Z,1.1939239501953125
2026-09-25T06:12:19.83Z,1.289306640625
2026-09-25T06:12:20.463Z,1.289306640625
2026-09-25T06:12:20.83Z,1.17633056640625
2026-09-25T06:12:21.464Z,1.17633056640625
2026-09-25T06:12:21.83Z,1.1680755615234375
2026-09-25T06:12:22.464Z,1.1680755615234375
2026-09-25T06:12:22.831Z,0.755706787109375
2026-09-25T06:12:23.464Z,0.755706787109375
2026-09-25T06:12:23.831Z,1.0481719970703125
2026-09-25T06:12:24.465Z,1.0481719970703125
2026-09-25T06:12:24.831Z,1.357818603515625
2026-09-25T06:12:25.465Z,1.357818603515625
2026-09-25T06:12:25.831Z,1.238067626953125
2026-09-25T06:12:26.465Z,1.238067626953125
2026-09-25T06:12:26.832Z,1.2084808349609375
2026-09-25T06:12:27.465Z,1.2084808349609375
2026-09-25T06:12:27.832Z,0.9075469970703125
2026-09-25T06:12:28.465Z,0.9075469970703125
2026-09-25T06:12:28.832Z,1.1102294921875
2026-09-25T06:12:29.466Z,1.1102294921875
2026-09-25T06:12:29.832Z,1.182830810546875
2026-09-25T06:12:30.466Z,1.182830810546875
2026-09-25T06:12:30.832Z,1.0161895751953125
2026-09-25T06:12:31.466Z,1.0161895751953125
2026-09-25T06:12:31.833Z,1.011322021484375
2026-09-25T06:12:32.466Z,1.011322021484375
2026-09-25T06:12:32.833Z,1.0330352783203125
2026-09-25T06:12:33.467Z,1.0330352783203125
2026-09-25T06:12:33.833Z,1.055084228515625
2026-09-25T06:12:34.467Z,1.055084228515625
2026-09-25T06:12:34.833Z,1.20611572265625
2026-09-25T06:12:35.467Z,1.20611572265625
2026-09-25T06:12:35.834Z,0.8689422607421875
2026-09-25T06:12:36.467Z,0.8689422607421875
2026-09-25T06:12:36.834Z,0.864654541015625
2026-09-25T06:12:37.467Z,0.864654541015625
2026-09-25T06:12:37.834Z,0.9849700927734375
2026-09-25T06:12:38.468Z,0.9849700927734375
2026-09-25T06:12:38.834Z,1.12237548828125
2026-09-25T06:12:39.468Z,1.12237548828125
2026-09-25T06:12:39.835Z,1.081756591796875
2026-09-25T06:12:40.468Z,1.081756591796875
2026-09-25T06:12:40.835Z,0.8307952880859375
2026-09-25T06:12:41.468Z,0.8307952880859375
2026-09-25T06:12:41.835Z,1.1372528076171875
2026-09-25T06:12:42.468Z,1.1372528076171875
2026-09-25T06:12:42.835Z,1.304168701171875
2026-09-25T06:12:43.47Z,1.304168701171875
2026-09-25T06:12:43.835Z,1.1221923828125
2026-09-25T06:12:44.469Z,1.1221923828125
2026-09-25T06:12:44.836Z,0.9997100830078125
2026-09-25T06:12:45.469Z,0.9997100830078125
2026-09-25T06:12:45.837Z,0.7452850341796875
2026-09-25T06:12:46.469Z,0.7452850341796875
2026-09-25T06:12:46.836Z,-0.1973114013671875
2026-09-25T06:12:47.47Z,-0.1973114013671875
2026-09-25T06:12:47.836Z,-0.34161376953125
2026-09-25T06:12:48.47Z,-0.34161376953125
2026-09-25T06:12:48.837Z,-0.34161376953125
2026-09-25T06:12:49.47Z,0.35675048828125
2026-09-25T06:12:49.837Z,0.35675048828125
2026-09-25T06:12:50.471Z,0.216339111328125
2026-09-25T06:12:50.837Z,0.216339111328125
2026-09-25T06:12:51.471Z,-0.0538482666015625
2026-09-25T06:12:51.837Z,-0.0538482666015625
2026-09-25T06:12:52.471Z,0.31134033203125
2026-09-25T06:12:52.838Z,0.31134033203125
2026-09-25T06:12:53.471Z,0.6995697021484375
2026-09-25T06:12:53.838Z,0.6995697021484375
2026-09-25T06:12:54.471Z,0.8679351806640625
2026-09-25T06:12:54.838Z,0.8679351806640625
2026-09-25T06:12:55.472Z,0.256866455078125
2026-09-25T06:12:55.838Z,0.256866455078125
2026-09-25T06:12:56.472Z,0.6430511474609375
2026-09-25T06:12:56.838Z,0.6430511474609375
2026-09-25T06:12:57.472Z,0.78387451171875
2026-09-25T06:12:57.839Z,0.78387451171875
2026-09-25T06:12:58.472Z,0.976959228515625
2026-09-25T06:12:58.839Z,0.976959228515625
2026-09-25T06:12:59.472Z,0.8716278076171875
2026-09-25T06:12:59.839Z,0.8716278076171875
2026-09-25T06:13:00.473Z,0.8121490478515625
2026-09-25T06:13:00.839Z,0.8121490478515625
2026-09-25T06:13:01.473Z,0.5704345703125
2026-09-25T06:13:01.84Z,0.5704345703125
2026-09-25T06:13:02.473Z,0.743316650390625
2026-09-25T06:13:02.84Z,0.743316650390625
2026-09-25T06:13:03.473Z,0.8148956298828125
2026-09-25T06:13:03.84Z,0.8148956298828125
2026-09-25T06:13:04.474Z,0.913482666015625
2026-09-25T06:13:04.841Z,0.913482666015625
2026-09-25T06:13:05.474Z,0.9239501953125
2026-09-25T06:13:05.84Z,0.9239501953125
2026-09-25T06:13:06.474Z,2.1090545654296875
2026-09-25T06:13:06.841Z,2.1090545654296875
2026-09-25T06:13:07.474Z,0.952178955078125
2026-09-25T06:13:07.841Z,0.952178955078125
2026-09-25T06:13:08.474Z,0.9544219970703125
2026-09-25T06:13:08.841Z,0.9544219970703125
2026-09-25T06:13:09.475Z,0.78973388671875
2026-09-25T06:13:09.841Z,0.78973388671875
2026-09-25T06:13:10.475Z,0.7494659423828125
2026-09-25T06:13:10.842Z,0.7494659423828125
2026-09-25T06:13:11.475Z,0.614501953125
2026-09-25T06:13:11.842Z,0.614501953125
2026-09-25T06:13:12.475Z,1.506195068359375
2026-09-25T06:13:12.842Z,1.506195068359375
2026-09-25T06:13:13.476Z,0.594573974609375
2026-09-25T06:13:13.842Z,0.594573974609375
2026-09-25T06:13:14.476Z,0.7778778076171875
2026-09-25T06:13:14.842Z,0.7778778076171875
2026-09-25T06:13:15.476Z,0.9332733154296875
2026-09-25T06:13:15.843Z,0.9332733154296875
2026-09-25T06:13:16.477Z,0.8896026611328125
2026-09-25T06:13:16.843Z,0.8896026611328125
2026-09-25T06:13:17.477Z,0.858306884765625
2026-09-25T06:13:17.843Z,0.858306884765625
2026-09-25T06:13:18.477Z,0.45574951171875
2026-09-25T06:13:18.843Z,0.45574951171875
2026-09-25T06:13:19.477Z,1.553741455078125
2026-09-25T06:13:19.844Z,1.553741455078125
2026-09-25T06:13:20.477Z,1.1589813232421875
2026-09-25T06:13:20.844Z,1.1589813232421875
2026-09-25T06:13:21.477Z,0.8095245361328125
2026-09-25T06:13:21.844Z,0.8095245361328125
2026-09-25T06:13:22.478Z,1.6025543212890625
2026-09-25T06:13:22.844Z,1.6025543212890625
2026-09-25T06:13:23.478Z,1.8045501708984375
2026-09-25T06:13:23.844Z,1.8045501708984375
2026-09-25T06:13:24.478Z,0.9199981689453125
2026-09-25T06:13:24.845Z,0.9199981689453125
2026-09-25T06:13:25.478Z,0.909454345703125
2026-09-25T06:13:25.845Z,0.909454345703125
2026-09-25T06:13:26.478Z,0.9151153564453125
2026-09-25T06:13:26.845Z,0.9151153564453125
2026-09-25T06:13:27.479Z,0.9230194091796875
2026-09-25T06:13:27.846Z,0.9230194091796875
2026-09-25T06:13:28.479Z,0.803436279296875
2026-09-25T06:13:28.846Z,0.803436279296875
2026-09-25T06:13:29.479Z,1.41094970703125
2026-09-25T06:13:29.846Z,1.41094970703125
2026-09-25T06:13:30.479Z,0.990325927734375
2026-09-25T06:13:30.846Z,0.990325927734375
2026-09-25T06:13:31.48Z,1.010986328125
2026-09-25T06:13:31.846Z,1.010986328125
2026-09-25T06:13:32.48Z,0.9070892333984375
2026-09-25T06:13:32.847Z,0.9070892333984375
2026-09-25T06:13:33.48Z,1.294342041015625
2026-09-25T06:13:33.847Z,1.294342041015625
2026-09-25T06:13:34.48Z,1.1077117919921875
2026-09-25T06:13:34.847Z,1.1077117919921875
2026-09-25T06:13:35.48Z,1.0337066650390625
2026-09-25T06:13:35.847Z,1.0337066650390625
2026-09-25T06:13:36.481Z,0.9083099365234375
2026-09-25T06:13:36.847Z,0.9083099365234375
2026-09-25T06:13:37.481Z,0.9525909423828125
2026-09-25T06:13:37.848Z,0.9525909423828125
2026-09-25T06:13:38.482Z,1.0256500244140625
2026-09-25T06:13:38.848Z,1.0256500244140625
2026-09-25T06:13:39.481Z,1.1794891357421875
2026-09-25T06:13:39.848Z,1.1794891357421875
2026-09-25T06:13:40.482Z,0.9830322265625
2026-09-25T06:13:40.848Z,0.9830322265625
2026-09-25T06:13:41.482Z,0.886444091796875
2026-09-25T06:13:41.849Z,0.886444091796875
2026-09-25T06:13:42.483Z,1.1829833984375
2026-09-25T06:13:42.849Z,1.1829833984375
2026-09-25T06:13:43.483Z,0.93084716796875
2026-09-25T06:13:43.849Z,0.93084716796875
2026-09-25T06:13:44.483Z,1.0548858642578125
2026-09-25T06:13:44.849Z,1.0548858642578125
2026-09-25T06:13:45.483Z,1.0872650146484375
2026-09-25T06:13:45.849Z,1.0872650146484375
2026-09-25T06:13:46.483Z,1.1510162353515625
2026-09-25T06:13:46.85Z,1.1510162353515625
2026-09-25T06:13:47.483Z,0.9724884033203125
2026-09-25T06:13:47.85Z,0.9724884033203125
2026-09-25T06:13:48.483Z,0.832061767578125
2026-09-25T06:13:48.85Z,0.832061767578125
2026-09-25T06:13:49.484Z,1.0820770263671875
2026-09-25T06:13:49.85Z,1.0820770263671875
2026-09-25T06:13:50.484Z,0.973663330078125
2026-09-25T06:13:50.85Z,0.973663330078125
2026-09-25T06:13:51.484Z,1.1039581298828125
2026-09-25T06:13:51.851Z,1.1039581298828125
2026-09-25T06:13:52.484Z,0.9087371826171875
2026-09-25T06:13:52.851Z,0.9087371826171875
2026-09-25T06:13:53.485Z,0.9512786865234375
2026-09-25T06:13:53.851Z,0.9512786865234375
2026-09-25T06:13:54.485Z,0.990997314453125
2026-09-25T06:13:54.851Z,0.990997314453125
2026-09-25T06:13:55.485Z,1.00091552734375
2026-09-25T06:13:55.852Z,1.00091552734375
2026-09-25T06:13:56.485Z,0.8760833740234375
2026-09-25T06:13:56.852Z,0.8760833740234375
2026-09-25T06:13:57.485Z,1.101959228515625
2026-09-25T06:13:57.852Z,1.101959228515625
2026-09-25T06:13:58.486Z,0.9556732177734375
2026-09-25T06:13:58.852Z,0.9556732177734375
2026-09-25T06:13:59.486Z,1.0504302978515625
2026-09-25T06:13:59.853Z,1.0504302978515625
2026-09-25T06:14:00.486Z,1.027496337890625
2026-09-25T06:14:00.853Z,1.027496337890625
2026-09-25T06:14:01.486Z,0.919403076171875
2026-09-25T06:14:01.853Z,0.919403076171875
2026-09-25T06:14:02.486Z,0.9719085693359375
2026-09-25T06:14:02.853Z,0.9719085693359375
2026-09-25T06:14:03.487Z,1.1374664306640625
2026-09-25T06:14:03.853Z,1.1374664306640625
2026-09-25T06:14:04.487Z,1.21856689453125
2026-09-25T06:14:04.854Z,1.21856689453125
2026-09-25T06:14:05.487Z,0.995880126953125
2026-09-25T06:14:05.854Z,0.995880126953125
2026-09-25T06:14:06.487Z,0.915740966796875
2026-09-25T06:14:06.854Z,0.915740966796875
2026-09-25T06:14:07.488Z,0.9052276611328125
2026-09-25T06:14:07.854Z,0.9052276611328125
2026-09-25T06:14:08.488Z,0.90118408203125
2026-09-25T06:14:08.855Z,0.90118408203125
2026-09-25T06:14:09.488Z,0.9133148193359375
2026-09-25T06:14:09.855Z,0.9133148193359375
2026-09-25T06:14:10.488Z,0.9199676513671875
2026-09-25T06:14:10.855Z,0.9199676513671875
2026-09-25T06:14:11.489Z,0.9225006103515625
2026-09-25T06:14:11.855Z,0.9225006103515625
2026-09-25T06:14:12.489Z,0.8217010498046875
2026-09-25T06:14:12.856Z,0.8217010498046875
2026-09-25T06:14:13.489Z,2.07171630859375
2026-09-25T06:14:13.856Z,2.07171630859375
2026-09-25T06:14:14.489Z,0.5822601318359375
2026-09-25T06:14:14.856Z,0.5822601318359375
2026-09-25T06:14:15.49Z,1.0163726806640625
2026-09-25T06:14:15.856Z,1.0163726806640625
2026-09-25T06:14:16.49Z,0.9449310302734375
2026-09-25T06:14:16.856Z,0.9449310302734375
2026-09-25T06:14:17.49Z,0.87530517578125
2026-09-25T06:14:17.857Z,0.87530517578125
2026-09-25T06:14:18.49Z,1.6563720703125
2026-09-25T06:14:18.857Z,1.6563720703125
2026-09-25T06:14:19.491Z,1.4653167724609375
2026-09-25T06:14:19.857Z,1.4653167724609375
2026-09-25T06:14:20.491Z,0.76690673828125
2026-09-25T06:14:20.857Z,0.76690673828125
2026-09-25T06:14:21.491Z,0.5015106201171875
2026-09-25T06:14:21.858Z,0.5015106201171875
2026-09-25T06:14:22.491Z,1.06463623046875
2026-09-25T06:14:22.858Z,1.06463623046875
2026-09-25T06:14:23.492Z,-0.40277099609375
2026-09-25T06:14:23.858Z,-0.40277099609375
2026-09-25T06:14:24.492Z,0.8897552490234375
2026-09-25T06:14:24.858Z,0.8897552490234375
2026-09-25T06:14:25.492Z,-0.1108856201171875
2026-09-25T06:14:25.859Z,-0.1108856201171875
2026-09-25T06:14:26.492Z,-0.033294677734375
2026-09-25T06:14:26.859Z,-0.033294677734375
2026-09-25T06:14:27.492Z,0.7877349853515625
2026-09-25T06:14:27.859Z,0.7877349853515625
2026-09-25T06:14:28.493Z,-0.6890411376953125
2026-09-25T06:14:28.859Z,-0.6890411376953125
2026-09-25T06:14:29.493Z,-0.6346893310546875
2026-09-25T06:14:29.86Z,-0.6346893310546875
2026-09-25T06:14:30.493Z,-0.61956787109375
2026-09-25T06:14:30.86Z,-0.61956787109375
2026-09-25T06:14:31.493Z,-0.6204833984375
2026-09-25T06:14:31.86Z,-0.6204833984375
2026-09-25T06:14:32.494Z,-0.631591796875
2026-09-25T06:14:32.861Z,-0.631591796875
2026-09-25T06:14:33.494Z,-0.66558837890625
2026-09-25T06:14:33.861Z,-0.66558837890625
2026-09-25T06:14:34.494Z,0.1204681396484375
2026-09-25T06:14:34.861Z,0.1204681396484375
2026-09-25T06:14:35.494Z,0.0030670166015625
2026-09-25T06:14:35.861Z,0.0030670166015625
2026-09-25T06:14:36.495Z,-0.01727294921875
2026-09-25T06:14:36.861Z,-0.01727294921875
2026-09-25T06:14:37.495Z,-0.0194244384765625
2026-09-25T06:14:37.862Z,-0.0194244384765625
2026-09-25T06:14:38.495Z,-0.0222320556640625
2026-09-25T06:14:38.862Z,-0.0222320556640625
2026-09-25T06:14:39.495Z,-0.0190277099609375
2026-09-25T06:14:39.862Z,-0.0190277099609375
2026-09-25T06:14:40.496Z,-0.016876220703125
2026-09-25T06:14:40.862Z,-0.016876220703125
2026-09-25T06:14:41.496Z,-0.022918701171875
2026-09-25T06:14:41.863Z,-0.022918701171875
2026-09-25T06:14:42.496Z,-0.0200653076171875
2026-09-25T06:14:42.863Z,-0.0200653076171875
2026-09-25T06:14:43.496Z,-0.02093505859375
2026-09-25T06:14:43.863Z,-0.02093505859375
2026-09-25T06:14:44.497Z,-0.02105712890625
2026-09-25T06:14:44.863Z,-0.02105712890625
2026-09-25T06:14:45.497Z,-0.0206451416015625
2026-09-25T06:14:45.863Z,-0.0206451416015625
2026-09-25T06:14:46.497Z,-0.0220947265625
2026-09-25T06:14:46.864Z,-0.0220947265625
2026-09-25T06:14:47.497Z,-0.0220489501953125
2026-09-25T06:14:47.864Z,-0.0220489501953125
2026-09-25T06:14:48.498Z,-0.020599365234375
2026-09-25T06:14:48.864Z,-0.020599365234375
2026-09-25T06:14:49.498Z,-0.019775390625
2026-09-25T06:14:49.864Z,-0.019775390625
2026-09-25T06:14:50.498Z,-0.0204620361328125
2026-09-25T06:14:50.865Z,-0.0204620361328125
2026-09-25T06:14:51.498Z,-0.0214385986328125
2026-09-25T06:14:51.865Z,-0.0214385986328125
2026-09-25T06:14:52.498Z,-0.0227813720703125
2026-09-25T06:14:52.865Z,-0.0227813720703125
2026-09-25T06:14:53.499Z,-0.0207977294921875
2026-09-25T06:14:53.865Z,-0.0207977294921875
2026-09-25T06:14:54.499Z,-0.0211334228515625
2026-09-25T06:14:54.866Z,-0.0211334228515625
2026-09-25T06:14:55.499Z,-0.0162353515625
2026-09-25T06:14:55.866Z,-0.0162353515625
2026-09-25T06:14:56.499Z,-0.01983642578125
2026-09-25T06:14:56.866Z,-0.01983642578125
2026-09-25T06:14:57.5Z,-0.021820068359375
2026-09-25T06:14:57.866Z,-0.021820068359375
2026-09-25T06:14:58.5Z,-0.020782470703125
2026-09-25T06:14:58.866Z,-0.020782470703125
2026-09-25T06:14:59.5Z,-0.02166748046875
2026-09-25T06:14:59.867Z,-0.02166748046875
2026-09-25T06:15:00.5Z,-0.0194244384765625
2026-09-25T06:15:00.867Z,-0.0194244384765625
2026-09-25T06:15:01.5Z,-0.0194244384765625
2026-09-25T06:15:01.867Z,-0.0194244384765625
2026-09-25T06:15:02.501Z,-0.0213623046875
2026-09-25T06:15:02.867Z,-0.0213623046875
2026-09-25T06:15:03.501Z,-0.0202178955078125
2026-09-25T06:15:03.868Z,-0.0202178955078125
2026-09-25T06:15:04.501Z,-0.0205078125
2026-09-25T06:15:04.868Z,-0.0205078125
2026-09-25T06:15:05.501Z,-0.0204620361328125
2026-09-25T06:15:05.868Z,-0.0204620361328125
2026-09-25T06:15:06.502Z,-0.0201416015625
2026-09-25T06:15:06.868Z,-0.0201416015625
2026-09-25T06:15:07.502Z,-0.02294921875
2026-09-25T06:15:07.869Z,-0.02294921875
2026-09-25T06:15:08.502Z,-0.0203399658203125
2026-09-25T06:15:08.869Z,-0.0203399658203125
2026-09-25T06:15:09.502Z,-0.0177459716796875
2026-09-25T06:15:09.869Z,-0.0177459716796875
2026-09-25T06:15:10.503Z,-0.0171661376953125
2026-09-25T06:15:10.869Z,-0.0171661376953125
2026-09-25T06:15:11.503Z,-0.0216827392578125
2026-09-25T06:15:11.869Z,-0.0216827392578125
2026-09-25T06:15:12.503Z,-0.0146331787109375
2026-09-25T06:15:12.871Z,-0.0146331787109375
2026-09-25T06:15:13.503Z,-0.0208892822265625
2026-09-25T06:15:13.87Z,-0.0208892822265625
2026-09-25T06:15:14.503Z,-0.0106201171875
2026-09-25T06:15:14.87Z,-0.0106201171875
2026-09-25T06:15:15.504Z,-0.034698486328125
2026-09-25T06:15:15.87Z,-0.034698486328125
2026-09-25T06:15:16.504Z,-0.0152740478515625
2026-09-25T06:15:16.871Z,-0.0152740478515625
2026-09-25T06:15:17.504Z,-0.01849365234375
2026-09-25T06:15:17.871Z,-0.01849365234375
2026-09-25T06:15:18.504Z,-0.0199432373046875
2026-09-25T06:15:18.871Z,-0.0199432373046875
2026-09-25T06:15:19.505Z,-0.02178955078125
2026-09-25T06:15:19.871Z,-0.02178955078125
2026-09-25T06:15:20.505Z,-0.0230255126953125
2026-09-25T06:15:20.871Z,-0.0230255126953125
2026-09-25T06:15:21.505Z,-0.0231475830078125
2026-09-25T06:15:21.872Z,-0.0231475830078125
2026-09-25T06:15:22.505Z,-0.0206298828125
2026-09-25T06:15:22.872Z,-0.0206298828125
2026-09-25T06:15:23.505Z,-0.019317626953125
2026-09-25T06:15:23.872Z,-0.019317626953125
2026-09-25T06:15:24.506Z,-0.0308685302734375
2026-09-25T06:15:24.872Z,-0.0308685302734375
2026-09-25T06:15:25.506Z,-0.018951416015625
2026-09-25T06:15:25.873Z,-0.018951416015625
2026-09-25T06:15:26.506Z,-0.02520751953125
2026-09-25T06:15:26.873Z,-0.02520751953125
2026-09-25T06:15:27.506Z,-0.0229034423828125
2026-09-25T06:15:27.873Z,-0.0229034423828125
2026-09-25T06:15:28.507Z,-0.0233612060546875
2026-09-25T06:15:28.873Z,-0.0233612060546875
2026-09-25T06:15:29.507Z,-0.018096923828125
2026-09-25T06:15:29.873Z,-0.018096923828125
2026-09-25T06:15:30.507Z,-0.0217742919921875
2026-09-25T06:15:30.874Z,-0.0217742919921875
2026-09-25T06:15:31.507Z,-0.01708984375
2026-09-25T06:15:31.874Z,-0.01708984375
2026-09-25T06:15:32.507Z,-0.0263519287109375
2026-09-25T06:15:32.874Z,-0.0263519287109375
2026-09-25T06:15:33.508Z,-0.0186767578125
2026-09-25T06:15:33.874Z,-0.0186767578125
2026-09-25T06:15:34.509Z,-0.02447509765625
2026-09-25T06:15:34.875Z,-0.02447509765625
2026-09-25T06:15:35.508Z,-0.021942138671875
2026-09-25T06:15:35.875Z,-0.021942138671875
2026-09-25T06:15:36.508Z,-0.018096923828125
2026-09-25T06:15:36.875Z,-0.018096923828125
2026-09-25T06:15:37.509Z,-0.0149078369140625
2026-09-25T06:15:37.875Z,-0.0149078369140625
2026-09-25T06:15:38.509Z,-0.02069091796875
2026-09-25T06:15:38.876Z,-0.02069091796875
2026-09-25T06:15:39.509Z,-0.0295257568359375
2026-09-25T06:15:39.876Z,-0.0295257568359375
2026-09-25T06:15:40.512Z,-0.0194854736328125
2026-09-25T06:15:40.876Z,-0.0194854736328125
2026-09-25T06:15:41.518Z,-0.0194854736328125
2026-09-25T06:15:41.876Z,-0.0194854736328125
2026-09-25T06:15:42.518Z,-0.0190582275390625
2026-09-25T06:15:42.877Z,-0.0190582275390625
2026-09-25T06:15:43.518Z,-0.004150390625
2026-09-25T06:15:43.877Z,-0.004150390625
2026-09-25T06:15:44.519Z,-0.63818359375
2026-09-25T06:15:44.877Z,-0.63818359375
2026-09-25T06:15:45.519Z,0.0718841552734375
2026-09-25T06:15:45.877Z,0.0718841552734375
2026-09-25T06:15:46.519Z,-0.3826904296875
2026-09-25T06:15:46.877Z,-0.3826904296875
2026-09-25T06:15:47.519Z,-0.138946533203125
2026-09-25T06:15:47.878Z,-0.138946533203125
2026-09-25T06:15:48.519Z,-0.2054595947265625
2026-09-25T06:15:48.878Z,-0.2054595947265625
2026-09-25T06:15:49.52Z,-0.2304534912109375
2026-09-25T06:15:49.878Z,-0.2304534912109375
2026-09-25T06:15:50.52Z,-0.4195709228515625
2026-09-25T06:15:50.878Z,-0.4195709228515625
2026-09-25T06:15:51.52Z,-0.38726806640625
2026-09-25T06:15:51.878Z,-0.38726806640625
2026-09-25T06:15:52.52Z,-0.5059051513671875
2026-09-25T06:15:52.879Z,-0.5059051513671875
2026-09-25T06:15:53.521Z,-0.5254974365234375
2026-09-25T06:15:53.879Z,-0.5254974365234375
2026-09-25T06:15:54.521Z,-0.4975128173828125
2026-09-25T06:15:54.879Z,-0.4975128173828125
2026-09-25T06:15:55.521Z,-0.5138397216796875
2026-09-25T06:15:55.879Z,-0.5138397216796875
2026-09-25T06:15:56.521Z,-0.5105133056640625
2026-09-25T06:15:56.88Z,-0.5105133056640625
2026-09-25T06:15:57.521Z,-0.4084930419921875
2026-09-25T06:15:57.88Z,-0.4084930419921875
2026-09-25T06:15:58.522Z,-0.5286407470703125
2026-09-25T06:15:58.881Z,-0.5286407470703125
2026-09-25T06:15:59.522Z,-0.572784423828125
2026-09-25T06:15:59.88Z,-0.572784423828125
2026-09-25T06:16:00.522Z,-0.579376220703125
2026-09-25T06:16:00.88Z,-0.579376220703125
2026-09-25T06:16:01.522Z,-0.5688629150390625
2026-09-25T06:16:01.881Z,-0.5688629150390625
2026-09-25T06:16:02.523Z,-0.5756072998046875
2026-09-25T06:16:02.881Z,-0.5756072998046875
2026-09-25T06:16:03.523Z,-0.607666015625
2026-09-25T06:16:03.89Z,-0.607666015625
2026-09-25T06:16:04.523Z,0.0576934814453125
2026-09-25T06:16:04.89Z,0.0576934814453125
2026-09-25T06:16:05.523Z,0.2281951904296875
2026-09-25T06:16:05.89Z,0.2281951904296875
2026-09-25T06:16:06.524Z,-0.41253662109375
2026-09-25T06:16:06.89Z,-0.41253662109375
2026-09-25T06:16:07.524Z,0.0103607177734375
2026-09-25T06:16:07.89Z,0.0103607177734375
2026-09-25T06:16:08.524Z,1.047210693359375
2026-09-25T06:16:08.891Z,1.047210693359375
2026-09-25T06:16:09.524Z,0.7923431396484375
2026-09-25T06:16:09.891Z,0.7923431396484375
2026-09-25T06:16:10.524Z,0.51666259765625
2026-09-25T06:16:10.891Z,0.51666259765625
2026-09-25T06:16:11.525Z,0.8422698974609375
2026-09-25T06:16:11.891Z,0.8422698974609375
2026-09-25T06:16:12.525Z,0.7530670166015625
2026-09-25T06:16:12.892Z,0.7530670166015625
2026-09-25T06:16:13.525Z,0.5926513671875
2026-09-25T06:16:13.892Z,0.5926513671875
2026-09-25T06:16:14.525Z,0.760589599609375
2026-09-25T06:16:14.892Z,0.760589599609375
2026-09-25T06:16:15.526Z,0.34735107421875
2026-09-25T06:16:15.892Z,0.34735107421875
2026-09-25T06:16:16.526Z,0.2292022705078125
2026-09-25T06:16:16.892Z,0.2292022705078125
2026-09-25T06:16:17.526Z,0.215850830078125
2026-09-25T06:16:17.893Z,0.215850830078125
2026-09-25T06:16:18.526Z,-0.694244384765625
2026-09-25T06:16:18.893Z,-0.694244384765625
2026-09-25T06:16:19.526Z,-0.2811431884765625
2026-09-25T06:16:19.893Z,-0.2811431884765625
2026-09-25T06:16:20.527Z,-0.3356170654296875
2026-09-25T06:16:20.893Z,-0.3356170654296875
2026-09-25T06:16:21.527Z,-0.346954345703125
2026-09-25T06:16:21.894Z,-0.346954345703125
2026-09-25T06:16:22.527Z,-0.145538330078125
2026-09-25T06:16:22.894Z,-0.145538330078125
2026-09-25T06:16:23.527Z,-0.257537841796875
2026-09-25T06:16:23.894Z,-0.257537841796875
2026-09-25T06:16:24.528Z,0.0867462158203125
2026-09-25T06:16:24.894Z,0.0867462158203125
2026-09-25T06:16:25.528Z,-0.385406494140625
2026-09-25T06:16:25.895Z,-0.385406494140625
2026-09-25T06:16:26.528Z,0.441650390625
2026-09-25T06:16:26.895Z,0.441650390625
2026-09-25T06:16:27.529Z,-0.6432342529296875
2026-09-25T06:16:27.895Z,-0.6432342529296875
2026-09-25T06:16:28.529Z,-0.6432342529296875
2026-09-25T06:16:28.895Z,-0.5987548828125
2026-09-25T06:16:29.529Z,-0.5987548828125
2026-09-25T06:16:29.896Z,-0.18133544921875
2026-09-25T06:16:30.529Z,-0.18133544921875
2026-09-25T06:16:30.896Z,0.0487213134765625
2026-09-25T06:16:31.529Z,0.0487213134765625
2026-09-25T06:16:31.896Z,-0.41741943359375
2026-09-25T06:16:32.53Z,-0.41741943359375
2026-09-25T06:16:32.896Z,-0.84881591796875
2026-09-25T06:16:33.53Z,-0.84881591796875
2026-09-25T06:16:33.897Z,-0.2707366943359375
2026-09-25T06:16:34.531Z,-0.2707366943359375
2026-09-25T06:16:34.897Z,0.0170440673828125
2026-09-25T06:16:35.53Z,0.0170440673828125
2026-09-25T06:16:35.897Z,-0.117950439453125
2026-09-25T06:16:36.531Z,-0.117950439453125
2026-09-25T06:16:36.897Z,-0.5002288818359375
2026-09-25T06:16:37.531Z,-0.5002288818359375
2026-09-25T06:16:37.898Z,0.2813262939453125
2026-09-25T06:16:38.531Z,0.2813262939453125
2026-09-25T06:16:38.898Z,0.5887908935546875
2026-09-25T06:16:39.531Z,0.5887908935546875
2026-09-25T06:16:39.898Z,0.1212615966796875
2026-09-25T06:16:40.532Z,0.1212615966796875
2026-09-25T06:16:40.898Z,-0.0988006591796875
2026-09-25T06:16:41.532Z,-0.0988006591796875
2026-09-25T06:16:41.899Z,-0.6360931396484375
2026-09-25T06:16:42.532Z,-0.6360931396484375
2026-09-25T06:16:42.899Z,0.193206787109375
2026-09-25T06:16:43.532Z,0.193206787109375
2026-09-25T06:16:43.899Z,0.3364105224609375
2026-09-25T06:16:44.533Z,0.3364105224609375
2026-09-25T06:16:44.899Z,0.4299468994140625
2026-09-25T06:16:45.533Z,0.4299468994140625
2026-09-25T06:16:45.9Z,0.311309814453125
2026-09-25T06:16:46.533Z,0.311309814453125
2026-09-25T06:16:46.9Z,-0.5543670654296875
2026-09-25T06:16:47.533Z,-0.5543670654296875
2026-09-25T06:16:47.9Z,0.0397186279296875
2026-09-25T06:16:48.534Z,0.0397186279296875
2026-09-25T06:16:48.9Z,0.1439361572265625
2026-09-25T06:16:49.534Z,0.1439361572265625
2026-09-25T06:16:49.9Z,0.2410888671875
2026-09-25T06:16:50.534Z,0.2410888671875
2026-09-25T06:16:50.901Z,0.213714599609375
2026-09-25T06:16:51.534Z,0.213714599609375
2026-09-25T06:16:51.901Z,-0.0006866455078125
2026-09-25T06:16:52.534Z,-0.0006866455078125
2026-09-25T06:16:52.901Z,-0.2741546630859375
2026-09-25T06:16:53.535Z,-0.2741546630859375
2026-09-25T06:16:53.901Z,-0.5157470703125
2026-09-25T06:16:54.535Z,-0.5157470703125
2026-09-25T06:16:54.902Z,-0.461334228515625
2026-09-25T06:16:55.535Z,-0.461334228515625
2026-09-25T06:16:55.902Z,-0.3998260498046875
2026-09-25T06:16:56.535Z,-0.3998260498046875
2026-09-25T06:16:56.902Z,-0.3704376220703125
2026-09-25T06:16:57.536Z,-0.3704376220703125
2026-09-25T06:16:57.902Z,-0.3538055419921875
2026-09-25T06:16:58.536Z,-0.3538055419921875
2026-09-25T06:16:58.903Z,-0.0958404541015625
2026-09-25T06:16:59.536Z,-0.0958404541015625
2026-09-25T06:16:59.903Z,-0.3550872802734375
2026-09-25T06:17:00.536Z,-0.3550872802734375
2026-09-25T06:17:00.903Z,-0.1774749755859375
2026-09-25T06:17:01.537Z,-0.1774749755859375
2026-09-25T06:17:01.903Z,-0.169036865234375
2026-09-25T06:17:02.537Z,-0.169036865234375
2026-09-25T06:17:02.903Z,-0.118927001953125
2026-09-25T06:17:03.537Z,-0.118927001953125
2026-09-25T06:17:03.904Z,-0.5539398193359375
2026-09-25T06:17:04.537Z,-0.5539398193359375
2026-09-25T06:17:04.904Z,-0.18707275390625
2026-09-25T06:17:05.537Z,-0.18707275390625
2026-09-25T06:17:05.904Z,-0.1961212158203125
2026-09-25T06:17:06.538Z,-0.1961212158203125
2026-09-25T06:17:06.904Z,-0.199462890625
2026-09-25T06:17:07.538Z,-0.199462890625
2026-09-25T06:17:07.905Z,-0.197052001953125
2026-09-25T06:17:08.538Z,-0.197052001953125
2026-09-25T06:17:08.905Z,-0.1987152099609375
2026-09-25T06:17:09.538Z,-0.1987152099609375
2026-09-25T06:17:09.905Z,0.8788299560546875
2026-09-25T06:17:10.539Z,0.8788299560546875
2026-09-25T06:17:10.905Z,0.2382049560546875
2026-09-25T06:17:11.539Z,0.2382049560546875
2026-09-25T06:17:11.906Z,-0.213409423828125
2026-09-25T06:17:12.539Z,-0.213409423828125
2026-09-25T06:17:12.906Z,0.0191497802734375
2026-09-25T06:17:13.539Z,0.0191497802734375
2026-09-25T06:17:13.906Z,-0.0475616455078125
2026-09-25T06:17:14.54Z,-0.0475616455078125
2026-09-25T06:17:14.906Z,0.2407989501953125
2026-09-25T06:17:15.54Z,0.2407989501953125
2026-09-25T06:17:15.906Z,0.2494659423828125
2026-09-25T06:17:16.54Z,0.2494659423828125
2026-09-25T06:17:16.907Z,0.32525634765625
2026-09-25T06:17:17.54Z,0.32525634765625
2026-09-25T06:17:17.907Z,-0.6562957763671875
2026-09-25T06:17:18.541Z,-0.6562957763671875
2026-09-25T06:17:18.907Z,0.6595306396484375
2026-09-25T06:17:19.541Z,0.6595306396484375
2026-09-25T06:17:19.907Z,0.4591522216796875
2026-09-25T06:17:20.541Z,0.4591522216796875
2026-09-25T06:17:20.908Z,-0.127227783203125
2026-09-25T06:17:21.541Z,-0.127227783203125
2026-09-25T06:17:21.908Z,-0.3973236083984375
2026-09-25T06:17:22.541Z,-0.3973236083984375
2026-09-25T06:17:22.908Z,-0.5606536865234375
2026-09-25T06:17:23.542Z,-0.5606536865234375
2026-09-25T06:17:23.908Z,-0.5743408203125
2026-09-25T06:17:24.542Z,-0.5743408203125
2026-09-25T06:17:24.909Z,-0.38885498046875
2026-09-25T06:17:25.542Z,-0.38885498046875
2026-09-25T06:17:25.909Z,-0.0910491943359375
2026-09-25T06:17:26.542Z,-0.0910491943359375
2026-09-25T06:17:26.909Z,-0.2503814697265625
2026-09-25T06:17:27.542Z,-0.2503814697265625
2026-09-25T06:17:27.909Z,-0.0075531005859375
2026-09-25T06:17:28.543Z,-0.0075531005859375
2026-09-25T06:17:28.909Z,-0.109832763671875
2026-09-25T06:17:29.543Z,-0.109832763671875
2026-09-25T06:17:29.91Z,-0.0160980224609375
2026-09-25T06:17:30.543Z,-0.0160980224609375
2026-09-25T06:17:30.91Z,0.2772216796875
2026-09-25T06:17:31.543Z,0.2772216796875
2026-09-25T06:17:31.91Z,0.08575439453125
2026-09-25T06:17:32.544Z,0.08575439453125
2026-09-25T06:17:32.91Z,0.1673431396484375
2026-09-25T06:17:33.544Z,0.1673431396484375
2026-09-25T06:17:33.911Z,0.2089080810546875
2026-09-25T06:17:34.544Z,0.2089080810546875
2026-09-25T06:17:34.911Z,0.4133148193359375
2026-09-25T06:17:35.544Z,0.4133148193359375
2026-09-25T06:17:35.911Z,0.1271209716796875
2026-09-25T06:17:36.545Z,0.1271209716796875
2026-09-25T06:17:36.911Z,0.1046142578125
2026-09-25T06:17:37.545Z,0.1046142578125
2026-09-25T06:17:37.912Z,0.1234893798828125
2026-09-25T06:17:38.545Z,0.1234893798828125
2026-09-25T06:17:38.912Z,0.148101806640625
2026-09-25T06:17:39.545Z,0.148101806640625
2026-09-25T06:17:39.912Z,0.155914306640625
2026-09-25T06:17:40.545Z,0.155914306640625
2026-09-25T06:17:40.912Z,0.14752197265625
2026-09-25T06:17:41.546Z,0.14752197265625
2026-09-25T06:17:41.912Z,0.1276702880859375
2026-09-25T06:17:42.546Z,0.1276702880859375
2026-09-25T06:17:42.913Z,0.1380615234375
2026-09-25T06:17:43.546Z,0.1380615234375
2026-09-25T06:17:43.913Z,0.137847900390625
2026-09-25T06:17:44.546Z,0.137847900390625
2026-09-25T06:17:44.913Z,0.12457275390625
2026-09-25T06:17:45.547Z,0.12457275390625
2026-09-25T06:17:45.913Z,0.12384033203125
2026-09-25T06:17:46.547Z,0.12384033203125
2026-09-25T06:17:46.914Z,0.1235198974609375
2026-09-25T06:17:47.547Z,0.1235198974609375
2026-09-25T06:17:47.914Z,0.1327056884765625
2026-09-25T06:17:48.547Z,0.1327056884765625
2026-09-25T06:17:48.914Z,0.133331298828125
2026-09-25T06:17:49.548Z,0.133331298828125
2026-09-25T06:17:49.914Z,0.1269073486328125
2026-09-25T06:17:50.548Z,0.1269073486328125
2026-09-25T06:17:50.914Z,0.1226348876953125
2026-09-25T06:17:51.548Z,0.1226348876953125
2026-09-25T06:17:51.915Z,0.1251373291015625
2026-09-25T06:17:52.548Z,0.1251373291015625
2026-09-25T06:17:52.915Z,0.1251220703125
2026-09-25T06:17:53.548Z,0.1251220703125
2026-09-25T06:17:53.915Z,0.1232452392578125
2026-09-25T06:17:54.549Z,0.1232452392578125
2026-09-25T06:17:54.915Z,0.118743896484375
2026-09-25T06:17:55.549Z,0.118743896484375
2026-09-25T06:17:55.916Z,0.117034912109375
2026-09-25T06:17:56.549Z,0.117034912109375
2026-09-25T06:17:56.916Z,0.031524658203125
