timestamp_utc,channel,value
2026-09-26T07:40:42.922+00:00,X,0.0038909912109375
2026-09-26T07:40:42.923+00:00,Y,-0.0328521728515625
2026-09-26T07:40:42.923+00:00,Z,-0.98150634765625
2026-09-26T07:40:43.934+00:00,X,0.0033416748046875
2026-09-26T07:40:44.936+00:00,Y,-0.030670166015625
2026-09-26T07:40:45.944+00:00,Z,-0.981689453125
2026-09-26T07:40:46.957+00:00,X,0.0020294189453125
2026-09-26T07:40:47.967+00:00,Y,-0.032073974609375
2026-09-26T07:40:48.977+00:00,Z,-0.98187255859375
2026-09-26T07:40:49.987+00:00,X,0.003662109375
2026-09-26T07:40:50.995+00:00,Y,-0.0372772216796875
2026-09-26T07:40:52.005+00:00,Z,-0.9803009033203125
2026-09-26T07:40:53.014+00:00,X,-0.6226348876953125
2026-09-26T07:40:54.026+00:00,Y,0.028472900390625
2026-09-26T07:40:55.038+00:00,Z,1.051025390625
2026-09-26T07:40:56.053+00:00,X,0.19500732421875
2026-09-26T07:40:57.066+00:00,Y,-0.7064208984375
2026-09-26T07:40:58.079+00:00,Z,-0.236236572265625
2026-09-26T07:40:59.092+00:00,X,0.1589813232421875
2026-09-26T07:41:00.107+00:00,Y,-0.6526031494140625
2026-09-26T07:41:01.120+00:00,Z,-0.8306732177734375
2026-09-26T07:41:02.129+00:00,X,-0.8383636474609375
2026-09-26T07:41:03.138+00:00,Y,-0.107696533203125
2026-09-26T07:41:04.151+00:00,Z,0.37353515625
2026-09-26T07:41:06.174+00:00,X,0.071014404296875
2026-09-26T07:41:07.183+00:00,Y,-0.0697784423828125
2026-09-26T07:41:08.192+00:00,Z,-0.82952880859375
2026-09-26T07:41:09.201+00:00,X,0.16595458984375
2026-09-26T07:41:10.210+00:00,Y,-0.1253204345703125
2026-09-26T07:41:11.219+00:00,Z,-1.0245361328125
2026-09-26T07:41:12.229+00:00,X,0.0262451171875
2026-09-26T07:41:13.240+00:00,Y,-0.0442352294921875
2026-09-26T07:41:14.250+00:00,Z,-0.9806671142578125
2026-09-26T07:41:15.263+00:00,X,0.0303955078125
2026-09-26T07:41:16.273+00:00,Y,-0.044342041015625
2026-09-26T07:41:17.284+00:00,Z,-0.9803619384765625
2026-09-26T07:41:18.298+00:00,X,0.0337982177734375
2026-09-26T07:41:19.314+00:00,Y,-0.046295166015625
2026-09-26T07:41:20.323+00:00,Z,-0.981292724609375
2026-09-26T07:41:21.339+00:00,X,0.0299224853515625
2026-09-26T07:41:22.344+00:00,Y,-0.0453338623046875
2026-09-26T07:41:23.356+00:00,Z,-0.9807281494140625
2026-09-26T07:41:24.361+00:00,X,0.032470703125
2026-09-26T07:41:25.372+00:00,Y,-0.041290283203125
2026-09-26T07:41:26.384+00:00,Z,-0.97869873046875
2026-09-26T07:41:27.395+00:00,X,0.029022216796875
2026-09-26T07:41:28.407+00:00,Y,-0.0444183349609375
2026-09-26T07:41:29.417+00:00,Z,-0.9810028076171875
2026-09-26T07:41:30.430+00:00,X,0.0176849365234375
2026-09-26T07:41:31.441+00:00,Y,-0.0427093505859375
2026-09-26T07:41:32.452+00:00,Z,-0.9838714599609375
2026-09-26T07:41:33.467+00:00,X,-0.180999755859375
2026-09-26T07:41:34.474+00:00,Y,-0.38037109375
2026-09-26T07:41:35.486+00:00,Z,0.1103057861328125
2026-09-26T07:41:37.509+00:00,X,0.6492156982421875
2026-09-26T07:41:38.520+00:00,Y,0.7549591064453125
2026-09-26T07:41:39.534+00:00,Z,-1.1547698974609375
2026-09-26T07:41:40.545+00:00,X,-0.6644439697265625
2026-09-26T07:41:41.556+00:00,Y,-0.43597412109375
2026-09-26T07:41:42.567+00:00,Z,-0.1336669921875
2026-09-26T07:41:43.575+00:00,X,0.109771728515625
2026-09-26T07:41:44.584+00:00,Y,-0.30224609375
2026-09-26T07:41:45.596+00:00,Z,-0.304443359375
2026-09-26T07:41:46.609+00:00,X,0.7316436767578125
2026-09-26T07:41:47.626+00:00,Y,-0.798309326171875
2026-09-26T07:41:48.636+00:00,Z,-0.115570068359375
2026-09-26T07:41:49.644+00:00,X,1.623046875
2026-09-26T07:41:50.656+00:00,Y,-0.4901275634765625
2026-09-26T07:41:51.667+00:00,Z,0.8641815185546875
2026-09-26T07:41:52.682+00:00,X,0.8634033203125
2026-09-26T07:41:53.693+00:00,Y,-0.7297210693359375
2026-09-26T07:41:54.706+00:00,Z,0.7200927734375
2026-09-26T07:41:55.716+00:00,X,0.3656463623046875
2026-09-26T07:41:56.725+00:00,Y,-0.3223114013671875
2026-09-26T07:41:57.734+00:00,Z,0.59490966796875
2026-09-26T07:41:58.745+00:00,X,0.053314208984375
2026-09-26T07:41:59.759+00:00,Y,-0.619964599609375
2026-09-26T07:42:00.773+00:00,Z,0.2615966796875
2026-09-26T07:42:01.786+00:00,X,-0.4436492919921875
2026-09-26T07:42:02.793+00:00,Y,-0.4351959228515625
2026-09-26T07:42:03.807+00:00,Z,-0.130523681640625
2026-09-26T07:42:04.815+00:00,X,0.1842041015625
2026-09-26T07:42:05.824+00:00,Y,0.32257080078125
2026-09-26T07:42:06.830+00:00,Z,-1.1007232666015625
2026-09-26T07:42:07.840+00:00,X,-0.2307586669921875
2026-09-26T07:42:08.848+00:00,Y,0.0179901123046875
2026-09-26T07:42:09.862+00:00,Z,-0.947052001953125
2026-09-26T07:42:11.883+00:00,X,-0.2625885009765625
2026-09-26T07:42:12.896+00:00,Y,-0.1176300048828125
2026-09-26T07:42:13.908+00:00,Z,-2.0406341552734375
2026-09-26T07:42:14.914+00:00,X,-0.4676513671875
2026-09-26T07:42:15.926+00:00,Y,-0.407684326171875
2026-09-26T07:42:16.935+00:00,Z,-1.660369873046875
2026-09-26T07:42:17.950+00:00,X,-0.52581787109375
2026-09-26T07:42:18.959+00:00,Y,-0.6004180908203125
2026-09-26T07:42:19.969+00:00,Z,-0.67376708984375
2026-09-26T07:42:20.977+00:00,X,-0.13885498046875
2026-09-26T07:42:21.988+00:00,Y,-0.6534576416015625
2026-09-26T07:42:23.000+00:00,Z,0.107635498046875
2026-09-26T07:42:24.001+00:00,X,0.1399688720703125
2026-09-26T07:42:25.009+00:00,Y,-0.5460662841796875
2026-09-26T07:42:26.022+00:00,Z,0.7097320556640625
2026-09-26T07:42:27.034+00:00,X,2.2697296142578125
2026-09-26T07:42:28.045+00:00,Y,1.4767913818359375
2026-09-26T07:42:29.059+00:00,Z,0.065338134765625
2026-09-26T07:42:30.061+00:00,X,-0.20867919921875
2026-09-26T07:42:31.073+00:00,Y,0.380340576171875
2026-09-26T07:42:32.088+00:00,Z,1.045623779296875
2026-09-26T07:42:33.098+00:00,X,0.807952880859375
2026-09-26T07:42:34.109+00:00,Y,2.225372314453125
2026-09-26T07:42:35.122+00:00,Z,0.1827239990234375
2026-09-26T07:42:36.136+00:00,X,0.4171142578125
2026-09-26T07:42:37.144+00:00,Y,0.3925323486328125
2026-09-26T07:42:38.157+00:00,Z,0.68414306640625
2026-09-26T07:42:39.165+00:00,X,-0.016845703125
2026-09-26T07:42:40.179+00:00,Y,0.121124267578125
2026-09-26T07:42:41.191+00:00,Z,0.7287445068359375
2026-09-26T07:42:42.205+00:00,X,0.2488555908203125
2026-09-26T07:42:43.216+00:00,Y,0.544769287109375
2026-09-26T07:42:44.225+00:00,Z,0.3214263916015625
2026-09-26T07:42:46.249+00:00,X,1.642913818359375
2026-09-26T07:42:47.259+00:00,Y,1.442291259765625
2026-09-26T07:42:48.267+00:00,Z,1.350189208984375
2026-09-26T07:42:49.281+00:00,X,-0.493560791015625
2026-09-26T07:42:50.294+00:00,Y,-0.6945648193359375
2026-09-26T07:42:51.308+00:00,Z,-3.714874267578125
2026-09-26T07:42:52.319+00:00,X,0.0025634765625
2026-09-26T07:42:53.329+00:00,Y,-0.0402374267578125
2026-09-26T07:42:54.344+00:00,Z,-0.9834442138671875
2026-09-26T07:42:55.354+00:00,X,0.0009307861328125
2026-09-26T07:42:56.365+00:00,Y,-0.04302978515625
2026-09-26T07:42:57.377+00:00,Z,-0.980224609375
2026-09-26T07:42:58.388+00:00,X,-0.008575439453125
2026-09-26T07:42:59.399+00:00,Y,-0.031982421875
2026-09-26T07:43:00.412+00:00,Z,-0.9799041748046875
2026-09-26T07:43:01.423+00:00,X,-0.0015411376953125
2026-09-26T07:43:02.432+00:00,Y,-0.036773681640625
2026-09-26T07:43:03.443+00:00,Z,-0.9822540283203125
2026-09-26T07:43:04.454+00:00,X,-0.006561279296875
2026-09-26T07:43:05.462+00:00,Y,-0.0328369140625
2026-09-26T07:43:06.473+00:00,Z,-0.9862823486328125
2026-09-26T07:43:07.483+00:00,X,-0.0062255859375
2026-09-26T07:43:08.493+00:00,Y,-0.0537872314453125
2026-09-26T07:43:09.506+00:00,Z,-0.9855499267578125
2026-09-26T07:43:10.515+00:00,X,0.021697998046875
2026-09-26T07:43:11.528+00:00,Y,-0.0352020263671875
2026-09-26T07:43:12.539+00:00,Z,-0.9828338623046875
2026-09-26T07:43:13.552+00:00,X,0.016754150390625
2026-09-26T07:43:14.561+00:00,Y,-0.0301666259765625
2026-09-26T07:43:15.575+00:00,Z,-0.983489990234375
2026-09-26T07:43:16.590+00:00,X,0.021240234375
2026-09-26T07:43:17.597+00:00,Y,-0.027862548828125
2026-09-26T07:43:18.610+00:00,Z,-0.98089599609375
2026-09-26T07:43:20.635+00:00,X,0.0140838623046875
2026-09-26T07:43:21.642+00:00,Y,-0.0305328369140625
2026-09-26T07:43:22.653+00:00,Z,-0.983062744140625
2026-09-26T07:43:23.665+00:00,X,0.0144500732421875
2026-09-26T07:43:24.678+00:00,Y,-0.030914306640625
2026-09-26T07:43:25.689+00:00,Z,-0.980804443359375
2026-09-26T07:43:26.701+00:00,X,0.0149688720703125
2026-09-26T07:43:27.713+00:00,Y,-0.034210205078125
2026-09-26T07:43:28.725+00:00,Z,-0.9796905517578125
2026-09-26T07:43:29.738+00:00,X,0.016357421875
2026-09-26T07:43:30.750+00:00,Y,-0.0328521728515625
2026-09-26T07:43:31.762+00:00,Z,-0.9800567626953125
2026-09-26T07:43:32.774+00:00,X,0.2086181640625
2026-09-26T07:43:33.784+00:00,Y,0.238677978515625
2026-09-26T07:43:34.798+00:00,Z,-1.2127838134765625
2026-09-26T07:43:35.806+00:00,X,0.775543212890625
2026-09-26T07:43:36.818+00:00,Y,-0.0097198486328125
2026-09-26T07:43:37.831+00:00,Z,-0.2005615234375
2026-09-26T07:43:38.845+00:00,X,1.6358184814453125
2026-09-26T07:43:39.858+00:00,Y,1.0607757568359375
2026-09-26T07:43:40.869+00:00,Z,0.24932861328125
2026-09-26T07:43:41.876+00:00,X,-1.8569183349609375
2026-09-26T07:43:42.888+00:00,Y,0.146148681640625
2026-09-26T07:43:43.900+00:00,Z,-0.117706298828125
2026-09-26T07:43:44.911+00:00,X,1.585296630859375
2026-09-26T07:43:45.922+00:00,Y,0.4141845703125
2026-09-26T07:43:46.935+00:00,Z,0.0518951416015625
2026-09-26T07:43:47.949+00:00,X,-1.2517547607421875
2026-09-26T07:43:48.959+00:00,Y,0.5558624267578125
2026-09-26T07:43:49.972+00:00,Z,-0.1020965576171875
2026-09-26T07:43:50.984+00:00,X,-2.380096435546875
2026-09-26T07:43:52.000+00:00,Y,-0.610443115234375
2026-09-26T07:43:53.016+00:00,Z,-0.5272369384765625
2026-09-26T07:43:55.034+00:00,X,-0.1426544189453125
2026-09-26T07:43:56.042+00:00,Y,1.13336181640625
2026-09-26T07:43:57.053+00:00,Z,-0.3610992431640625
2026-09-26T07:43:58.062+00:00,X,1.699493408203125
2026-09-26T07:43:59.073+00:00,Y,0.2430267333984375
2026-09-26T07:44:00.086+00:00,Z,-0.14923095703125
2026-09-26T07:44:01.095+00:00,X,2.700836181640625
2026-09-26T07:44:02.105+00:00,Y,0.7238616943359375
2026-09-26T07:44:03.114+00:00,Z,0.45263671875
2026-09-26T07:44:04.125+00:00,X,-0.1093597412109375
2026-09-26T07:44:05.136+00:00,Y,-0.2904205322265625
2026-09-26T07:44:06.149+00:00,Z,0.4464263916015625
2026-09-26T07:44:07.159+00:00,X,-0.1204833984375
2026-09-26T07:44:08.170+00:00,Y,-0.99029541015625
2026-09-26T07:44:09.180+00:00,Z,0.0749359130859375
2026-09-26T07:44:10.182+00:00,X,-0.1822967529296875
2026-09-26T07:44:11.195+00:00,Y,-0.98687744140625
2026-09-26T07:44:12.207+00:00,Z,0.106842041015625
2026-09-26T07:44:13.221+00:00,X,-0.183837890625
2026-09-26T07:44:14.232+00:00,Y,-1.0086669921875
2026-09-26T07:44:15.244+00:00,Z,0.155426025390625
2026-09-26T07:44:16.258+00:00,X,-1.9974365234375
2026-09-26T07:44:17.269+00:00,Y,-1.2333221435546875
2026-09-26T07:44:18.277+00:00,Z,0.3594970703125
2026-09-26T07:44:19.287+00:00,X,1.9352264404296875
2026-09-26T07:44:20.300+00:00,Y,-0.1551513671875
2026-09-26T07:44:21.307+00:00,Z,0.4962005615234375
2026-09-26T07:44:22.318+00:00,X,1.2713623046875
2026-09-26T07:44:23.330+00:00,Y,-0.2812652587890625
2026-09-26T07:44:24.339+00:00,Z,0.3828277587890625
2026-09-26T07:44:25.350+00:00,X,-1.54315185546875
2026-09-26T07:44:26.362+00:00,Y,-1.0633697509765625
2026-09-26T07:44:27.371+00:00,Z,-0.243408203125
2026-09-26T07:44:28.378+00:00,X,-1.323974609375
2026-09-26T07:44:29.387+00:00,Y,-0.79913330078125
2026-09-26T07:44:30.400+00:00,Z,-0.0869140625
2026-09-26T07:44:32.422+00:00,X,-0.336822509765625
2026-09-26T07:44:33.432+00:00,Y,-0.6741943359375
2026-09-26T07:44:34.445+00:00,Z,0.0153961181640625
2026-09-26T07:44:35.458+00:00,X,-0.3245086669921875
2026-09-26T07:44:36.464+00:00,Y,-0.9229583740234375
2026-09-26T07:44:37.473+00:00,Z,-0.06781005859375
2026-09-26T07:44:38.485+00:00,X,-0.3468475341796875
2026-09-26T07:44:39.497+00:00,Y,-0.9062652587890625
2026-09-26T07:44:40.509+00:00,Z,-0.10467529296875
2026-09-26T07:44:41.524+00:00,X,-0.4056854248046875
2026-09-26T07:44:42.537+00:00,Y,-0.909088134765625
2026-09-26T07:44:43.551+00:00,Z,-0.102996826171875
2026-09-26T07:44:44.565+00:00,X,-0.53155517578125
2026-09-26T07:44:45.577+00:00,Y,-0.894012451171875
2026-09-26T07:44:46.586+00:00,Z,-0.1561126708984375
2026-09-26T07:44:47.595+00:00,X,-0.603363037109375
2026-09-26T07:44:48.608+00:00,Y,-0.8216552734375
2026-09-26T07:44:49.621+00:00,Z,-0.0294189453125
2026-09-26T07:44:50.635+00:00,X,-0.5912322998046875
2026-09-26T07:44:51.645+00:00,Y,-0.82403564453125
2026-09-26T07:44:52.655+00:00,Z,-0.05865478515625
2026-09-26T07:44:53.666+00:00,X,-0.586151123046875
2026-09-26T07:44:54.678+00:00,Y,-0.7967071533203125
2026-09-26T07:44:55.690+00:00,Z,-0.02880859375
2026-09-26T07:44:56.703+00:00,X,-0.6038818359375
2026-09-26T07:44:57.716+00:00,Y,-0.7966156005859375
2026-09-26T07:44:58.727+00:00,Z,-0.0346832275390625
2026-09-26T07:44:59.736+00:00,X,-0.6522979736328125
2026-09-26T07:45:00.751+00:00,Y,-0.7795867919921875
2026-09-26T07:45:01.762+00:00,Z,-0.0214385986328125
2026-09-26T07:45:02.777+00:00,X,-0.61541748046875
2026-09-26T07:45:03.789+00:00,Y,-0.7928314208984375
2026-09-26T07:45:04.803+00:00,Z,-0.029937744140625
2026-09-26T07:45:06.824+00:00,X,-0.63006591796875
2026-09-26T07:45:07.836+00:00,Y,-0.78656005859375
2026-09-26T07:45:08.848+00:00,Z,-0.0368194580078125
2026-09-26T07:45:09.859+00:00,X,-0.632781982421875
2026-09-26T07:45:10.874+00:00,Y,-0.7779693603515625
2026-09-26T07:45:11.887+00:00,Z,-0.0212249755859375
2026-09-26T07:45:12.889+00:00,X,-0.729034423828125
2026-09-26T07:45:13.897+00:00,Y,-0.601348876953125
2026-09-26T07:45:14.911+00:00,Z,0.23858642578125
2026-09-26T07:45:15.921+00:00,X,-0.228973388671875
2026-09-26T07:45:16.932+00:00,Y,2.009033203125
2026-09-26T07:45:17.942+00:00,Z,1.44403076171875
2026-09-26T07:45:18.954+00:00,X,-0.2786407470703125
2026-09-26T07:45:19.966+00:00,Y,0.25079345703125
2026-09-26T07:45:20.976+00:00,Z,0.3858184814453125
2026-09-26T07:45:21.990+00:00,X,-0.9862213134765625
2026-09-26T07:45:23.002+00:00,Y,-0.19921875
2026-09-26T07:45:24.011+00:00,Z,0.0189056396484375
2026-09-26T07:45:25.021+00:00,X,-0.0829925537109375
2026-09-26T07:45:26.030+00:00,Y,-0.5878143310546875
2026-09-26T07:45:27.041+00:00,Z,0.2087249755859375
2026-09-26T07:45:28.055+00:00,X,-1.3594512939453125
2026-09-26T07:45:29.066+00:00,Y,-0.373382568359375
2026-09-26T07:45:30.077+00:00,Z,-0.2080078125
2026-09-26T07:45:31.089+00:00,X,-0.90838623046875
2026-09-26T07:45:32.101+00:00,Y,-0.4566192626953125
2026-09-26T07:45:33.111+00:00,Z,0.15399169921875
2026-09-26T07:45:34.122+00:00,X,-0.9391021728515625
2026-09-26T07:45:35.136+00:00,Y,-0.2324371337890625
2026-09-26T07:45:36.147+00:00,Z,0.3177947998046875
2026-09-26T07:45:37.159+00:00,X,-0.9337310791015625
2026-09-26T07:45:38.169+00:00,Y,-0.18377685546875
2026-09-26T07:45:39.180+00:00,Z,0.31903076171875
2026-09-26T07:45:41.204+00:00,X,-0.9154205322265625
2026-09-26T07:45:42.213+00:00,Y,-0.1646270751953125
2026-09-26T07:45:43.227+00:00,Z,0.3367462158203125
2026-09-26T07:45:44.239+00:00,X,-0.9322967529296875
2026-09-26T07:45:45.253+00:00,Y,-0.16839599609375
2026-09-26T07:45:46.254+00:00,Z,0.332244873046875
2026-09-26T07:45:47.266+00:00,X,-0.9380035400390625
2026-09-26T07:45:48.278+00:00,Y,-0.1644439697265625
2026-09-26T07:45:49.286+00:00,Z,0.3341064453125
2026-09-26T07:45:50.296+00:00,X,-0.9449462890625
2026-09-26T07:45:51.312+00:00,Y,-0.202606201171875
2026-09-26T07:45:52.320+00:00,Z,0.31427001953125
2026-09-26T07:45:53.331+00:00,X,-0.936065673828125
2026-09-26T07:45:54.345+00:00,Y,-0.1899261474609375
2026-09-26T07:45:55.358+00:00,Z,0.33013916015625
2026-09-26T07:45:56.371+00:00,X,-0.9357452392578125
2026-09-26T07:45:57.386+00:00,Y,-0.2694854736328125
2026-09-26T07:45:58.399+00:00,Z,0.3714752197265625
2026-09-26T07:45:59.409+00:00,X,-0.3447265625
2026-09-26T07:46:00.413+00:00,Y,-0.2880706787109375
2026-09-26T07:46:01.414+00:00,Z,-0.860626220703125
2026-09-26T07:46:02.425+00:00,X,0.030670166015625
2026-09-26T07:46:03.437+00:00,Y,-0.0589141845703125
2026-09-26T07:46:04.451+00:00,Z,-0.98406982421875
2026-09-26T07:46:05.460+00:00,X,0.032135009765625
2026-09-26T07:46:06.470+00:00,Y,-0.0590362548828125
2026-09-26T07:46:07.482+00:00,Z,-0.98193359375
2026-09-26T07:46:08.493+00:00,X,0.031463623046875
2026-09-26T07:46:09.505+00:00,Y,-0.0541839599609375
2026-09-26T07:46:10.519+00:00,Z,-0.97906494140625
2026-09-26T07:46:12.540+00:00,X,0.0316314697265625
2026-09-26T07:46:13.552+00:00,Y,-0.0584869384765625
2026-09-26T07:46:14.561+00:00,Z,-0.9791259765625
2026-09-26T07:46:15.572+00:00,X,0.034210205078125
2026-09-26T07:46:16.587+00:00,Y,-0.048248291015625
2026-09-26T07:46:17.601+00:00,Z,-0.9789581298828125
2026-09-26T07:46:18.609+00:00,X,0.0294036865234375
2026-09-26T07:46:19.619+00:00,Y,-0.055633544921875
2026-09-26T07:46:20.632+00:00,Z,-0.9796600341796875
2026-09-26T07:46:21.645+00:00,X,0.03240966796875
2026-09-26T07:46:22.660+00:00,Y,-0.0504913330078125
2026-09-26T07:46:23.675+00:00,Z,-0.983612060546875
2026-09-26T07:46:24.686+00:00,X,0.0272369384765625
2026-09-26T07:46:25.702+00:00,Y,-0.0574188232421875
2026-09-26T07:46:26.711+00:00,Z,-0.9781494140625
2026-09-26T07:46:27.723+00:00,X,0.0339202880859375
2026-09-26T07:46:28.733+00:00,Y,-0.053070068359375
2026-09-26T07:46:29.743+00:00,Z,-0.981109619140625
2026-09-26T07:46:30.755+00:00,X,0.031646728515625
2026-09-26T07:46:31.766+00:00,Y,-0.0553131103515625
2026-09-26T07:46:32.780+00:00,Z,-0.976043701171875
2026-09-26T07:46:33.788+00:00,X,0.0265960693359375
2026-09-26T07:46:34.798+00:00,Y,-0.05859375
2026-09-26T07:46:35.813+00:00,Z,-0.9766693115234375
2026-09-26T07:46:36.825+00:00,X,0.0245361328125
2026-09-26T07:46:37.838+00:00,Y,-0.03778076171875
2026-09-26T07:46:38.849+00:00,Z,-0.963134765625
2026-09-26T07:46:39.858+00:00,X,0.02947998046875
2026-09-26T07:46:40.868+00:00,Y,-0.0597686767578125
2026-09-26T07:46:41.880+00:00,Z,-0.974151611328125
2026-09-26T07:46:42.890+00:00,X,0.0348052978515625
2026-09-26T07:46:43.903+00:00,Y,-0.0621490478515625
2026-09-26T07:46:44.913+00:00,Z,-0.9636077880859375
2026-09-26T07:46:46.934+00:00,X,0.030792236328125
2026-09-26T07:46:47.944+00:00,Y,-0.056488037109375
2026-09-26T07:46:48.956+00:00,Z,-0.98223876953125
2026-09-26T07:46:49.970+00:00,X,0.0301513671875
2026-09-26T07:46:50.981+00:00,Y,-0.0567169189453125
2026-09-26T07:46:51.994+00:00,Z,-0.9880218505859375
2026-09-26T07:46:53.009+00:00,X,0.02734375
2026-09-26T07:46:54.016+00:00,Y,-0.0674896240234375
2026-09-26T07:46:55.027+00:00,Z,-0.979278564453125
2026-09-26T07:46:56.037+00:00,X,0.030303955078125
2026-09-26T07:46:57.050+00:00,Y,-0.0554046630859375
2026-09-26T07:46:58.064+00:00,Z,-0.9798126220703125
2026-09-26T07:46:59.073+00:00,X,0.0322723388671875
2026-09-26T07:47:00.085+00:00,Y,-0.058380126953125
2026-09-26T07:47:01.094+00:00,Z,-0.9799957275390625
2026-09-26T07:47:02.106+00:00,X,0.029815673828125
2026-09-26T07:47:03.116+00:00,Y,-0.0559844970703125
2026-09-26T07:47:04.128+00:00,Z,-0.97882080078125
2026-09-26T07:47:05.137+00:00,X,0.02874755859375
2026-09-26T07:47:06.151+00:00,Y,-0.056671142578125
2026-09-26T07:47:07.164+00:00,Z,-0.978851318359375
2026-09-26T07:47:08.175+00:00,X,0.0325164794921875
2026-09-26T07:47:09.188+00:00,Y,-0.0549163818359375
2026-09-26T07:47:10.200+00:00,Z,-0.9781646728515625
2026-09-26T07:47:11.214+00:00,X,0.030792236328125
2026-09-26T07:47:12.227+00:00,Y,-0.0583648681640625
2026-09-26T07:47:13.234+00:00,Z,-0.9798431396484375
2026-09-26T07:47:14.245+00:00,X,0.029052734375
2026-09-26T07:47:15.256+00:00,Y,-0.0537567138671875
2026-09-26T07:47:16.266+00:00,Z,-0.97918701171875
2026-09-26T07:47:17.282+00:00,X,-0.876220703125
2026-09-26T07:47:18.297+00:00,Y,0.2596893310546875
2026-09-26T07:47:19.308+00:00,Z,-1.155792236328125
2026-09-26T07:47:21.335+00:00,X,0.8171844482421875
2026-09-26T07:47:22.350+00:00,Y,0.8944854736328125
2026-09-26T07:47:23.361+00:00,Z,-0.132110595703125
2026-09-26T07:47:24.375+00:00,X,-2.4138031005859375
2026-09-26T07:47:25.386+00:00,Y,0.57421875
2026-09-26T07:47:26.394+00:00,Z,0.82159423828125
2026-09-26T07:47:27.408+00:00,X,2.014068603515625
2026-09-26T07:47:28.420+00:00,Y,0.5422821044921875
2026-09-26T07:47:29.430+00:00,Z,0.587921142578125
2026-09-26T07:47:30.441+00:00,X,-2.1330108642578125
2026-09-26T07:47:31.453+00:00,Y,-0.0471038818359375
2026-09-26T07:47:32.461+00:00,Z,-0.1564178466796875
2026-09-26T07:47:33.473+00:00,X,-0.420135498046875
2026-09-26T07:47:34.481+00:00,Y,-0.8581695556640625
2026-09-26T07:47:35.493+00:00,Z,-0.1814422607421875
2026-09-26T07:47:36.500+00:00,X,1.182647705078125
2026-09-26T07:47:37.515+00:00,Y,-0.1760101318359375
2026-09-26T07:47:38.531+00:00,Z,0.4512939453125
2026-09-26T07:47:39.545+00:00,X,-0.4669189453125
2026-09-26T07:47:40.557+00:00,Y,-0.6767578125
2026-09-26T07:47:41.569+00:00,Z,-0.1937103271484375
2026-09-26T07:47:42.581+00:00,X,-0.209991455078125
2026-09-26T07:47:43.595+00:00,Y,-1.026641845703125
2026-09-26T07:47:44.604+00:00,Z,-0.373260498046875
2026-09-26T07:47:45.608+00:00,X,-0.1236114501953125
2026-09-26T07:47:46.620+00:00,Y,-0.970703125
2026-09-26T07:47:47.633+00:00,Z,-0.3066864013671875
2026-09-26T07:47:48.646+00:00,X,-0.13836669921875
2026-09-26T07:47:49.659+00:00,Y,-0.93389892578125
2026-09-26T07:47:50.665+00:00,Z,-0.311309814453125
2026-09-26T07:47:51.681+00:00,X,-0.1197967529296875
2026-09-26T07:47:52.694+00:00,Y,-0.956298828125
2026-09-26T07:47:53.706+00:00,Z,-0.29791259765625
2026-09-26T07:47:55.732+00:00,X,-0.0782623291015625
2026-09-26T07:47:56.733+00:00,Y,-0.9276275634765625
2026-09-26T07:47:57.743+00:00,Z,-0.28485107421875
2026-09-26T07:47:58.757+00:00,X,-0.1223297119140625
2026-09-26T07:47:59.771+00:00,Y,-0.946197509765625
2026-09-26T07:48:00.785+00:00,Z,-0.3067779541015625
2026-09-26T07:48:01.794+00:00,X,-0.1060333251953125
2026-09-26T07:48:02.806+00:00,Y,-0.8914794921875
2026-09-26T07:48:03.821+00:00,Z,-0.2558441162109375
2026-09-26T07:48:04.835+00:00,X,0.21539306640625
2026-09-26T07:48:05.845+00:00,Y,0.0211334228515625
2026-09-26T07:48:06.856+00:00,Z,-0.9810791015625
2026-09-26T07:48:07.858+00:00,X,0.043121337890625
2026-09-26T07:48:08.864+00:00,Y,-0.0425872802734375
2026-09-26T07:48:09.892+00:00,Z,-0.980194091796875
2026-09-26T07:48:10.891+00:00,X,0.0435638427734375
2026-09-26T07:48:11.917+00:00,Y,-0.0439300537109375
2026-09-26T07:48:12.932+00:00,Z,-0.9802703857421875
2026-09-26T07:48:13.930+00:00,X,0.0457763671875
2026-09-26T07:48:14.958+00:00,Y,-0.047454833984375
2026-09-26T07:48:15.974+00:00,Z,-0.9785003662109375
2026-09-26T07:48:16.955+00:00,X,0.0465545654296875
2026-09-26T07:48:18.001+00:00,Y,-0.0452728271484375
2026-09-26T07:48:19.015+00:00,Z,-0.9792633056640625
2026-09-26T07:48:19.999+00:00,X,0.04571533203125
2026-09-26T07:48:21.032+00:00,Y,-0.0465545654296875
2026-09-26T07:48:22.043+00:00,Z,-0.979217529296875
2026-09-26T07:48:23.027+00:00,X,0.045013427734375
2026-09-26T07:48:24.065+00:00,Y,-0.044769287109375
2026-09-26T07:48:25.075+00:00,Z,-0.9816741943359375
2026-09-26T07:48:26.057+00:00,X,0.0459747314453125
2026-09-26T07:48:27.098+00:00,Y,-0.0479583740234375
2026-09-26T07:48:28.114+00:00,Z,-0.979400634765625
2026-09-26T07:48:30.098+00:00,X,0.043670654296875
2026-09-26T07:48:31.142+00:00,Y,-0.0465545654296875
2026-09-26T07:48:32.155+00:00,Z,-0.980560302734375
2026-09-26T07:48:33.135+00:00,X,0.04400634765625
2026-09-26T07:48:34.176+00:00,Y,-0.044586181640625
2026-09-26T07:48:35.189+00:00,Z,-0.9794921875
2026-09-26T07:48:36.167+00:00,X,0.0480194091796875
2026-09-26T07:48:37.202+00:00,Y,-0.047607421875
2026-09-26T07:48:38.210+00:00,Z,-0.9796600341796875
2026-09-26T07:48:39.192+00:00,X,0.044036865234375
2026-09-26T07:48:40.236+00:00,Y,-0.0470123291015625
2026-09-26T07:48:41.245+00:00,Z,-0.9788970947265625
2026-09-26T07:48:42.227+00:00,X,0.03900146484375
2026-09-26T07:48:43.267+00:00,Y,-0.03558349609375
2026-09-26T07:48:44.276+00:00,Z,-0.9808349609375
2026-09-26T07:48:45.250+00:00,X,0.0381011962890625
2026-09-26T07:48:46.294+00:00,Y,-0.0450592041015625
2026-09-26T07:48:47.304+00:00,Z,-0.9807891845703125
2026-09-26T07:48:48.287+00:00,X,0.0457305908203125
2026-09-26T07:48:49.323+00:00,Y,-0.0418548583984375
2026-09-26T07:48:50.324+00:00,Z,-0.97943115234375
2026-09-26T07:48:51.306+00:00,X,0.0442047119140625
2026-09-26T07:48:52.353+00:00,Y,-0.045989990234375
2026-09-26T07:48:53.365+00:00,Z,-0.978302001953125
2026-09-26T07:48:54.346+00:00,X,0.0455169677734375
2026-09-26T07:48:55.390+00:00,Y,-0.0460205078125
2026-09-26T07:48:56.398+00:00,Z,-0.9791259765625
2026-09-26T07:48:57.381+00:00,X,0.045501708984375
2026-09-26T07:48:58.422+00:00,Y,-0.0460052490234375
2026-09-26T07:48:59.437+00:00,Z,-0.9782257080078125
2026-09-26T07:49:00.418+00:00,X,0.044097900390625
2026-09-26T07:49:01.463+00:00,Y,-0.0439300537109375
2026-09-26T07:49:02.474+00:00,Z,-0.9795989990234375
2026-09-26T07:49:03.458+00:00,X,0.0405731201171875
2026-09-26T07:49:04.498+00:00,Y,-0.042877197265625
2026-09-26T07:49:05.504+00:00,Z,-0.979827880859375
2026-09-26T07:49:07.492+00:00,X,0.0416259765625
2026-09-26T07:49:08.531+00:00,Y,-0.0466156005859375
2026-09-26T07:49:09.546+00:00,Z,-0.9827423095703125
2026-09-26T07:49:10.527+00:00,X,0.04425048828125
2026-09-26T07:49:11.568+00:00,Y,-0.045654296875
2026-09-26T07:49:12.579+00:00,Z,-0.980438232421875
2026-09-26T07:49:13.562+00:00,X,0.044891357421875
2026-09-26T07:49:14.599+00:00,Y,-0.0456390380859375
2026-09-26T07:49:15.609+00:00,Z,-0.97833251953125
2026-09-26T07:49:16.593+00:00,X,0.04364013671875
2026-09-26T07:49:17.630+00:00,Y,-0.048919677734375
2026-09-26T07:49:18.643+00:00,Z,-0.9803619384765625
2026-09-26T07:49:19.626+00:00,X,0.045257568359375
2026-09-26T07:49:20.673+00:00,Y,-0.0482330322265625
2026-09-26T07:49:21.682+00:00,Z,-0.9811553955078125
2026-09-26T07:49:22.660+00:00,X,0.04010009765625
2026-09-26T07:49:23.706+00:00,Y,-0.0464019775390625
2026-09-26T07:49:24.717+00:00,Z,-0.9790496826171875
2026-09-26T07:49:25.697+00:00,X,0.0472869873046875
2026-09-26T07:49:26.740+00:00,Y,-0.0448150634765625
2026-09-26T07:49:27.752+00:00,Z,-0.979827880859375
2026-09-26T07:49:28.732+00:00,X,0.039825439453125
2026-09-26T07:49:29.777+00:00,Y,-0.0480499267578125
2026-09-26T07:49:30.787+00:00,Z,-0.9835052490234375
2026-09-26T07:49:31.757+00:00,X,0.0457611083984375
2026-09-26T07:49:32.810+00:00,Y,-0.0442352294921875
2026-09-26T07:49:33.826+00:00,Z,-0.98040771484375
2026-09-26T07:49:34.791+00:00,X,0.04583740234375
2026-09-26T07:49:35.851+00:00,Y,-0.0473175048828125
2026-09-26T07:49:36.861+00:00,Z,-0.9807281494140625
2026-09-26T07:49:37.827+00:00,X,0.044921875
2026-09-26T07:49:38.889+00:00,Y,-0.032806396484375
2026-09-26T07:49:39.906+00:00,Z,-0.9770050048828125
2026-09-26T07:49:41.873+00:00,X,0.0415191650390625
2026-09-26T07:49:42.949+00:00,Y,-0.04547119140625
2026-09-26T07:49:43.964+00:00,Z,-0.9809112548828125
2026-09-26T07:49:44.916+00:00,X,0.0447235107421875
2026-09-26T07:49:45.995+00:00,Y,-0.0455169677734375
2026-09-26T07:49:47.008+00:00,Z,-0.97998046875
2026-09-26T07:49:47.960+00:00,X,0.04766845703125
2026-09-26T07:49:49.036+00:00,Y,-0.046356201171875
2026-09-26T07:49:50.051+00:00,Z,-0.9792633056640625
2026-09-26T07:49:50.989+00:00,X,0.043426513671875
2026-09-26T07:49:52.065+00:00,Y,-0.043853759765625
2026-09-26T07:49:53.078+00:00,Z,-0.9803314208984375
2026-09-26T07:49:54.028+00:00,X,0.04241943359375
2026-09-26T07:49:55.103+00:00,Y,-0.050567626953125
2026-09-26T07:49:56.115+00:00,Z,-0.9815216064453125
2026-09-26T07:49:57.061+00:00,X,0.0477294921875
2026-09-26T07:49:58.135+00:00,Y,-0.0500335693359375
2026-09-26T07:49:59.151+00:00,Z,-0.9772186279296875
2026-09-26T07:50:00.100+00:00,X,0.04888916015625
2026-09-26T07:50:01.166+00:00,Y,-0.0414886474609375
2026-09-26T07:50:02.312+00:00,Z,-0.981903076171875
2026-09-26T07:50:03.123+00:00,X,0.04791259765625
2026-09-26T07:50:04.200+00:00,Y,-0.047882080078125
2026-09-26T07:50:05.354+00:00,Z,-0.9802093505859375
2026-09-26T07:50:06.166+00:00,X,0.042266845703125
2026-09-26T07:50:07.239+00:00,Y,-0.0460052490234375
2026-09-26T07:50:08.386+00:00,Z,-0.9803314208984375
2026-09-26T07:50:09.196+00:00,X,0.0432586669921875
2026-09-26T07:50:10.260+00:00,Y,-0.04681396484375
2026-09-26T07:50:11.417+00:00,Z,-0.9798126220703125
2026-09-26T07:50:12.215+00:00,X,0.041107177734375
2026-09-26T07:50:13.277+00:00,Y,-0.047882080078125
2026-09-26T07:50:14.441+00:00,Z,-0.9799957275390625
2026-09-26T07:50:16.261+00:00,X,0.0569915771484375
2026-09-26T07:50:17.322+00:00,Y,-0.0501556396484375
2026-09-26T07:50:18.490+00:00,Z,-1.0095977783203125
2026-09-26T07:50:19.297+00:00,X,0.051239013671875
2026-09-26T07:50:20.355+00:00,Y,-0.04400634765625
2026-09-26T07:50:21.524+00:00,Z,-0.9869537353515625
2026-09-26T07:50:22.336+00:00,X,0.0514068603515625
2026-09-26T07:50:23.381+00:00,Y,-0.0473785400390625
2026-09-26T07:50:24.565+00:00,Z,-0.96600341796875
2026-09-26T07:50:25.365+00:00,X,0.0413055419921875
2026-09-26T07:50:26.412+00:00,Y,-0.0462493896484375
2026-09-26T07:50:27.581+00:00,Z,-0.975830078125
2026-09-26T07:50:28.411+00:00,X,0.0433349609375
2026-09-26T07:50:29.438+00:00,Y,-0.0519866943359375
2026-09-26T07:50:30.623+00:00,Z,-0.9846954345703125
2026-09-26T07:50:31.449+00:00,X,0.0312957763671875
2026-09-26T07:50:32.473+00:00,Y,-0.0435791015625
2026-09-26T07:50:33.654+00:00,Z,-0.960052490234375
2026-09-26T07:50:34.481+00:00,X,0.0426483154296875
2026-09-26T07:50:35.508+00:00,Y,-0.0428924560546875
2026-09-26T07:50:36.681+00:00,Z,-0.9789581298828125
2026-09-26T07:50:37.511+00:00,X,0.0419158935546875
2026-09-26T07:50:38.535+00:00,Y,-0.064849853515625
2026-09-26T07:50:39.720+00:00,Z,-0.98382568359375
2026-09-26T07:50:40.545+00:00,X,0.048431396484375
2026-09-26T07:50:41.570+00:00,Y,-0.04290771484375
2026-09-26T07:50:42.755+00:00,Z,-0.9780120849609375
2026-09-26T07:50:43.580+00:00,X,0.0421600341796875
2026-09-26T07:50:44.609+00:00,Y,-0.04168701171875
2026-09-26T07:50:45.790+00:00,Z,-0.98126220703125
2026-09-26T07:50:47.629+00:00,X,0.040313720703125
2026-09-26T07:50:48.637+00:00,Y,-0.0518341064453125
2026-09-26T07:50:49.819+00:00,Z,-0.98284912109375
2026-09-26T07:50:50.660+00:00,X,0.0485382080078125
2026-09-26T07:50:51.670+00:00,Y,-0.04620361328125
2026-09-26T07:50:52.856+00:00,Z,-0.9804534912109375
2026-09-26T07:50:53.694+00:00,X,0.0447845458984375
2026-09-26T07:50:54.696+00:00,Y,-0.045928955078125
2026-09-26T07:50:55.878+00:00,Z,-0.979583740234375
2026-09-26T07:50:56.716+00:00,X,0.0443115234375
2026-09-26T07:50:57.728+00:00,Y,-0.044769287109375
2026-09-26T07:50:58.910+00:00,Z,-0.9805755615234375
2026-09-26T07:50:59.745+00:00,X,0.0437774658203125
2026-09-26T07:51:00.756+00:00,Y,-0.047821044921875
2026-09-26T07:51:01.938+00:00,Z,-0.9820098876953125
2026-09-26T07:51:02.773+00:00,X,0.03955078125
2026-09-26T07:51:03.783+00:00,Y,-0.0431671142578125
2026-09-26T07:51:04.969+00:00,Z,-0.9812774658203125
2026-09-26T07:51:05.810+00:00,X,0.0473785400390625
2026-09-26T07:51:06.823+00:00,Y,-0.04705810546875
2026-09-26T07:51:08.009+00:00,Z,-0.978912353515625
2026-09-26T07:51:08.846+00:00,X,0.045196533203125
2026-09-26T07:51:09.853+00:00,Y,-0.0478057861328125
2026-09-26T07:51:11.031+00:00,Z,-0.9810028076171875
2026-09-26T07:51:11.873+00:00,X,0.045684814453125
2026-09-26T07:51:12.882+00:00,Y,-0.0502777099609375
2026-09-26T07:51:14.064+00:00,Z,-0.9794158935546875
2026-09-26T07:51:14.901+00:00,X,0.0504913330078125
2026-09-26T07:51:15.911+00:00,Y,-0.0426483154296875
2026-09-26T07:51:17.096+00:00,Z,-0.97711181640625
2026-09-26T07:51:17.933+00:00,X,0.0483245849609375
2026-09-26T07:51:18.943+00:00,Y,-0.0425872802734375
2026-09-26T07:51:20.127+00:00,Z,-0.97894287109375
2026-09-26T07:51:21.980+00:00,X,0.0452728271484375
2026-09-26T07:51:22.991+00:00,Y,-0.0454559326171875
2026-09-26T07:51:24.172+00:00,Z,-0.981048583984375
2026-09-26T07:51:25.014+00:00,X,0.04345703125
2026-09-26T07:51:26.026+00:00,Y,-0.043792724609375
2026-09-26T07:51:27.208+00:00,Z,-0.9805755615234375
2026-09-26T07:51:28.052+00:00,X,0.043426513671875
2026-09-26T07:51:29.065+00:00,Y,-0.04833984375
2026-09-26T07:51:30.246+00:00,Z,-0.979827880859375
2026-09-26T07:51:31.089+00:00,X,0.0468902587890625
2026-09-26T07:51:32.099+00:00,Y,-0.0466156005859375
2026-09-26T07:51:33.283+00:00,Z,-0.979461669921875
2026-09-26T07:51:34.124+00:00,X,0.0460357666015625
2026-09-26T07:51:35.134+00:00,Y,-0.046356201171875
2026-09-26T07:51:36.319+00:00,Z,-0.9789886474609375
2026-09-26T07:51:37.160+00:00,X,0.0445556640625
2026-09-26T07:51:38.169+00:00,Y,-0.0457763671875
2026-09-26T07:51:39.352+00:00,Z,-0.980010986328125
2026-09-26T07:51:40.190+00:00,X,0.04400634765625
2026-09-26T07:51:41.197+00:00,Y,-0.044830322265625
2026-09-26T07:51:42.380+00:00,Z,-0.98046875
2026-09-26T07:51:43.222+00:00,X,0.045379638671875
2026-09-26T07:51:44.231+00:00,Y,-0.04730224609375
2026-09-26T07:51:45.412+00:00,Z,-0.9791717529296875
2026-09-26T07:51:46.257+00:00,X,0.0442352294921875
2026-09-26T07:51:47.271+00:00,Y,-0.04473876953125
2026-09-26T07:51:48.441+00:00,Z,-0.9804534912109375
2026-09-26T07:51:49.296+00:00,X,0.049285888671875
2026-09-26T07:51:50.309+00:00,Y,-0.0465087890625
2026-09-26T07:51:51.475+00:00,Z,-0.9796295166015625
2026-09-26T07:51:52.329+00:00,X,0.0536651611328125
2026-09-26T07:51:53.345+00:00,Y,-0.0448760986328125
2026-09-26T07:51:54.511+00:00,Z,-0.979095458984375
2026-09-26T07:51:56.379+00:00,X,0.0435638427734375
2026-09-26T07:51:57.390+00:00,Y,-0.045654296875
2026-09-26T07:51:58.557+00:00,Z,-0.9807281494140625
2026-09-26T07:51:59.411+00:00,X,0.04315185546875
2026-09-26T07:52:00.419+00:00,Y,-0.046966552734375
2026-09-26T07:52:01.583+00:00,Z,-0.9798431396484375
2026-09-26T07:52:02.439+00:00,X,0.0443267822265625
2026-09-26T07:52:03.446+00:00,Y,-0.04541015625
2026-09-26T07:52:04.614+00:00,Z,-0.98016357421875
2026-09-26T07:52:05.469+00:00,X,0.0439605712890625
2026-09-26T07:52:06.482+00:00,Y,-0.04620361328125
2026-09-26T07:52:07.646+00:00,Z,-0.979522705078125
2026-09-26T07:52:08.502+00:00,X,0.0451202392578125
2026-09-26T07:52:09.515+00:00,Y,-0.0425567626953125
2026-09-26T07:52:10.678+00:00,Z,-0.98004150390625
2026-09-26T07:52:11.535+00:00,X,0.046295166015625
2026-09-26T07:52:12.546+00:00,Y,-0.046478271484375
2026-09-26T07:52:13.713+00:00,Z,-0.9794158935546875
2026-09-26T07:52:14.570+00:00,X,0.04449462890625
2026-09-26T07:52:15.584+00:00,Y,-0.043853759765625
2026-09-26T07:52:16.749+00:00,Z,-0.9801025390625
2026-09-26T07:52:17.606+00:00,X,0.044647216796875
2026-09-26T07:52:18.617+00:00,Y,-0.0453338623046875
2026-09-26T07:52:19.788+00:00,Z,-0.9806976318359375
2026-09-26T07:52:20.640+00:00,X,0.0440826416015625
2026-09-26T07:52:21.649+00:00,Y,-0.045684814453125
2026-09-26T07:52:22.816+00:00,Z,-0.97869873046875
2026-09-26T07:52:23.674+00:00,X,0.0427703857421875
2026-09-26T07:52:24.683+00:00,Y,-0.0453643798828125
2026-09-26T07:52:25.846+00:00,Z,-0.97894287109375
2026-09-26T07:52:26.705+00:00,X,0.045318603515625
2026-09-26T07:52:27.716+00:00,Y,-0.046630859375
2026-09-26T07:52:28.884+00:00,Z,-0.9787445068359375
2026-09-26T07:52:30.752+00:00,X,0.04638671875
2026-09-26T07:52:31.758+00:00,Y,-0.0474700927734375
2026-09-26T07:52:32.927+00:00,Z,-0.979644775390625
2026-09-26T07:52:33.786+00:00,X,0.044921875
2026-09-26T07:52:34.797+00:00,Y,-0.043426513671875
2026-09-26T07:52:35.963+00:00,Z,-0.9820556640625
2026-09-26T07:52:36.817+00:00,X,0.04498291015625
2026-09-26T07:52:37.826+00:00,Y,-0.04638671875
2026-09-26T07:52:38.997+00:00,Z,-0.980926513671875
2026-09-26T07:52:39.853+00:00,X,0.0460662841796875
2026-09-26T07:52:40.866+00:00,Y,-0.0428314208984375
2026-09-26T07:52:42.032+00:00,Z,-0.9813385009765625
2026-09-26T07:52:42.890+00:00,X,0.0436248779296875
2026-09-26T07:52:43.902+00:00,Y,-0.0473785400390625
2026-09-26T07:52:45.071+00:00,Z,-0.9837493896484375
2026-09-26T07:52:45.924+00:00,X,0.05035400390625
2026-09-26T07:52:46.931+00:00,Y,-0.056396484375
2026-09-26T07:52:48.098+00:00,Z,-0.9788970947265625
2026-09-26T07:52:48.955+00:00,X,0.044464111328125
2026-09-26T07:52:49.968+00:00,Y,-0.052490234375
2026-09-26T07:52:51.132+00:00,Z,-0.9799041748046875
2026-09-26T07:52:51.986+00:00,X,0.0479583740234375
2026-09-26T07:52:52.997+00:00,Y,-0.0444183349609375
2026-09-26T07:52:54.160+00:00,Z,-0.9759063720703125
2026-09-26T07:52:55.018+00:00,X,0.0378570556640625
2026-09-26T07:52:56.024+00:00,Y,-0.044158935546875
2026-09-26T07:52:57.193+00:00,Z,-0.981231689453125
2026-09-26T07:52:58.051+00:00,X,0.045318603515625
2026-09-26T07:52:59.062+00:00,Y,-0.0491790771484375
2026-09-26T07:53:00.229+00:00,Z,-0.9803009033203125
2026-09-26T07:53:01.086+00:00,X,0.04486083984375
2026-09-26T07:53:02.099+00:00,Y,-0.0497589111328125
2026-09-26T07:53:04.123+00:00,X,0.045989990234375
2026-09-26T07:53:05.133+00:00,Y,-0.04400634765625
2026-09-26T07:53:06.302+00:00,Z,-0.980133056640625
2026-09-26T07:53:07.155+00:00,X,0.0461883544921875
2026-09-26T07:53:08.166+00:00,Y,-0.0421142578125
2026-09-26T07:53:09.330+00:00,Z,-0.9805450439453125
2026-09-26T07:53:10.176+00:00,X,0.0401763916015625
2026-09-26T07:53:11.190+00:00,Y,-0.044952392578125
2026-09-26T07:53:12.354+00:00,Z,-0.98211669921875
2026-09-26T07:53:13.212+00:00,X,0.0486907958984375
2026-09-26T07:53:14.221+00:00,Y,-0.044921875
2026-09-26T07:53:15.388+00:00,Z,-0.979949951171875
2026-09-26T07:53:16.246+00:00,X,0.04144287109375
2026-09-26T07:53:17.258+00:00,Y,-0.0452728271484375
2026-09-26T07:53:18.429+00:00,Z,-0.9807891845703125
2026-09-26T07:53:19.284+00:00,X,0.044891357421875
2026-09-26T07:53:20.293+00:00,Y,-0.0445709228515625
2026-09-26T07:53:21.460+00:00,Z,-0.9799346923828125
2026-09-26T07:53:22.318+00:00,X,0.0439453125
2026-09-26T07:53:23.333+00:00,Y,-0.0469818115234375
2026-09-26T07:53:24.499+00:00,Z,-0.9802703857421875
2026-09-26T07:53:25.352+00:00,X,0.04248046875
2026-09-26T07:53:26.361+00:00,Y,-0.044830322265625
2026-09-26T07:53:27.531+00:00,Z,-0.9799957275390625
2026-09-26T07:53:28.386+00:00,X,0.0423431396484375
2026-09-26T07:53:29.399+00:00,Y,-0.044647216796875
2026-09-26T07:53:30.563+00:00,Z,-0.980255126953125
2026-09-26T07:53:31.422+00:00,X,0.04534912109375
2026-09-26T07:53:32.433+00:00,Y,-0.045623779296875
2026-09-26T07:53:33.599+00:00,Z,-0.9803009033203125
2026-09-26T07:53:34.451+00:00,X,0.046173095703125
2026-09-26T07:53:35.463+00:00,Y,-0.047454833984375
2026-09-26T07:53:36.628+00:00,Z,-0.9806671142578125
2026-09-26T07:53:38.496+00:00,X,0.04364013671875
2026-09-26T07:53:39.509+00:00,Y,-0.045013427734375
2026-09-26T07:53:40.677+00:00,Z,-0.9789276123046875
2026-09-26T07:53:41.532+00:00,X,0.0455322265625
2026-09-26T07:53:42.543+00:00,Y,-0.0459747314453125
2026-09-26T07:53:43.706+00:00,Z,-0.980743408203125
2026-09-26T07:53:44.567+00:00,X,0.04400634765625
2026-09-26T07:53:45.580+00:00,Y,-0.04742431640625
2026-09-26T07:53:46.747+00:00,Z,-0.9805450439453125
2026-09-26T07:53:47.601+00:00,X,0.04229736328125
2026-09-26T07:53:48.609+00:00,Y,-0.0443572998046875
2026-09-26T07:53:49.777+00:00,Z,-0.977935791015625
2026-09-26T07:53:50.636+00:00,X,0.0410003662109375
2026-09-26T07:53:51.646+00:00,Y,-0.04656982421875
2026-09-26T07:53:52.815+00:00,Z,-0.98284912109375
2026-09-26T07:53:53.669+00:00,X,0.038055419921875
2026-09-26T07:53:54.679+00:00,Y,-0.0452423095703125
2026-09-26T07:53:55.843+00:00,Z,-0.98138427734375
2026-09-26T07:53:56.699+00:00,X,0.04815673828125
2026-09-26T07:53:57.711+00:00,Y,-0.047119140625
2026-09-26T07:53:58.878+00:00,Z,-0.980072021484375
2026-09-26T07:53:59.735+00:00,X,0.0441436767578125
2026-09-26T07:54:00.747+00:00,Y,-0.0476531982421875
2026-09-26T07:54:01.915+00:00,Z,-0.980316162109375
2026-09-26T07:54:02.773+00:00,X,0.041259765625
2026-09-26T07:54:03.784+00:00,Y,-0.0469818115234375
2026-09-26T07:54:04.948+00:00,Z,-0.98150634765625
2026-09-26T07:54:05.800+00:00,X,0.04534912109375
2026-09-26T07:54:06.809+00:00,Y,-0.0447540283203125
2026-09-26T07:54:07.973+00:00,Z,-0.977691650390625
2026-09-26T07:54:08.830+00:00,X,0.0508880615234375
2026-09-26T07:54:09.842+00:00,Y,-0.0478057861328125
2026-09-26T07:54:11.012+00:00,Z,-0.976898193359375
2026-09-26T07:54:11.859+00:00,X,0.0452423095703125
2026-09-26T07:54:12.872+00:00,Y,-0.0455780029296875
2026-09-26T07:54:14.039+00:00,Z,-0.9769439697265625
2026-09-26T07:54:15.909+00:00,X,0.0421295166015625
2026-09-26T07:54:16.922+00:00,Y,-0.046600341796875
2026-09-26T07:54:18.076+00:00,Z,-0.9793853759765625
2026-09-26T07:54:18.948+00:00,X,0.044921875
2026-09-26T07:54:19.962+00:00,Y,-0.0461273193359375
2026-09-26T07:54:21.114+00:00,Z,-0.981201171875
2026-09-26T07:54:21.976+00:00,X,0.0450439453125
2026-09-26T07:54:22.977+00:00,Y,-0.04327392578125
2026-09-26T07:54:24.141+00:00,Z,-0.9794769287109375
2026-09-26T07:54:25.001+00:00,X,0.041656494140625
2026-09-26T07:54:26.013+00:00,Y,-0.044677734375
2026-09-26T07:54:27.180+00:00,Z,-0.97967529296875
2026-09-26T07:54:28.031+00:00,X,0.0428924560546875
2026-09-26T07:54:29.042+00:00,Y,-0.043487548828125
2026-09-26T07:54:30.207+00:00,Z,-0.9813995361328125
2026-09-26T07:54:31.063+00:00,X,0.042724609375
2026-09-26T07:54:32.076+00:00,Y,-0.0410003662109375
2026-09-26T07:54:33.242+00:00,Z,-0.978668212890625
2026-09-26T07:54:34.099+00:00,X,0.0432281494140625
2026-09-26T07:54:35.100+00:00,Y,-0.04876708984375
2026-09-26T07:54:36.280+00:00,Z,-0.9786834716796875
2026-09-26T07:54:37.118+00:00,X,0.04644775390625
2026-09-26T07:54:38.128+00:00,Y,-0.050323486328125
2026-09-26T07:54:39.311+00:00,Z,-0.9804229736328125
2026-09-26T07:54:40.142+00:00,X,0.0442657470703125
2026-09-26T07:54:41.152+00:00,Y,-0.0461273193359375
2026-09-26T07:54:42.334+00:00,Z,-0.9821014404296875
2026-09-26T07:54:43.174+00:00,X,0.043487548828125
2026-09-26T07:54:44.187+00:00,Y,-0.0468292236328125
2026-09-26T07:54:45.375+00:00,Z,-0.9811553955078125
2026-09-26T07:54:46.217+00:00,X,0.04345703125
2026-09-26T07:54:47.230+00:00,Y,-0.0463409423828125
2026-09-26T07:54:48.401+00:00,Z,-0.980255126953125
2026-09-26T07:54:50.256+00:00,X,0.0450897216796875
2026-09-26T07:54:51.268+00:00,Y,-0.0464630126953125
2026-09-26T07:54:52.439+00:00,Z,-0.98046875
2026-09-26T07:54:53.297+00:00,X,0.044769287109375
2026-09-26T07:54:54.311+00:00,Y,-0.046356201171875
2026-09-26T07:54:55.482+00:00,Z,-0.9810791015625
2026-09-26T07:54:56.338+00:00,X,0.0450592041015625
2026-09-26T07:54:57.347+00:00,Y,-0.04522705078125
2026-09-26T07:54:58.514+00:00,Z,-0.9807586669921875
2026-09-26T07:54:59.372+00:00,X,0.045074462890625
2026-09-26T07:55:00.382+00:00,Y,-0.0469207763671875
2026-09-26T07:55:01.543+00:00,Z,-0.9776458740234375
2026-09-26T07:55:02.400+00:00,X,0.044586181640625
2026-09-26T07:55:03.411+00:00,Y,-0.0453643798828125
2026-09-26T07:55:04.567+00:00,Z,-0.9804534912109375
2026-09-26T07:55:05.424+00:00,X,0.0450439453125
2026-09-26T07:55:06.435+00:00,Y,-0.0476531982421875
2026-09-26T07:55:07.604+00:00,Z,-0.9791107177734375
2026-09-26T07:55:08.461+00:00,X,0.0443115234375
2026-09-26T07:55:09.473+00:00,Y,-0.0466766357421875
2026-09-26T07:55:10.641+00:00,Z,-0.980621337890625
2026-09-26T07:55:11.501+00:00,X,0.0432586669921875
2026-09-26T07:55:12.514+00:00,Y,-0.0478973388671875
2026-09-26T07:55:13.680+00:00,Z,-0.9795684814453125
2026-09-26T07:55:14.541+00:00,X,0.0400238037109375
2026-09-26T07:55:15.553+00:00,Y,-0.0552825927734375
2026-09-26T07:55:16.719+00:00,Z,-0.9509429931640625
2026-09-26T07:55:17.576+00:00,X,0.0469207763671875
2026-09-26T07:55:18.589+00:00,Y,-0.03814697265625
2026-09-26T07:55:19.756+00:00,Z,-0.982421875
2026-09-26T07:55:21.626+00:00,X,0.041748046875
2026-09-26T07:55:22.634+00:00,Y,-0.0427093505859375
2026-09-26T07:55:23.803+00:00,Z,-0.98028564453125
2026-09-26T07:55:24.655+00:00,X,0.045013427734375
2026-09-26T07:55:25.671+00:00,Y,-0.047119140625
2026-09-26T07:55:26.840+00:00,Z,-0.968841552734375
2026-09-26T07:55:27.698+00:00,X,0.0460357666015625
2026-09-26T07:55:28.708+00:00,Y,-0.04779052734375
2026-09-26T07:55:29.875+00:00,Z,-0.971405029296875
2026-09-26T07:55:30.728+00:00,X,0.0449066162109375
2026-09-26T07:55:31.740+00:00,Y,-0.042572021484375
2026-09-26T07:55:32.906+00:00,Z,-0.9942474365234375
2026-09-26T07:55:33.766+00:00,X,0.0435943603515625
2026-09-26T07:55:34.772+00:00,Y,-0.0451507568359375
2026-09-26T07:55:35.940+00:00,Z,-0.98297119140625
2026-09-26T07:55:36.797+00:00,X,0.0480194091796875
2026-09-26T07:55:37.809+00:00,Y,-0.056610107421875
2026-09-26T07:55:38.978+00:00,Z,-0.980682373046875
2026-09-26T07:55:39.836+00:00,X,0.049163818359375
2026-09-26T07:55:40.846+00:00,Y,-0.043182373046875
2026-09-26T07:55:42.013+00:00,Z,-0.9754180908203125
2026-09-26T07:55:42.868+00:00,X,0.043609619140625
2026-09-26T07:55:43.875+00:00,Y,-0.0452880859375
2026-09-26T07:55:45.043+00:00,Z,-0.9780731201171875
2026-09-26T07:55:45.902+00:00,X,0.041351318359375
2026-09-26T07:55:46.916+00:00,Y,-0.0442657470703125
2026-09-26T07:55:48.087+00:00,Z,-0.9811859130859375
2026-09-26T07:55:48.945+00:00,X,0.04901123046875
2026-09-26T07:55:49.955+00:00,Y,-0.048675537109375
2026-09-26T07:55:51.123+00:00,Z,-0.9794158935546875
2026-09-26T07:55:51.979+00:00,X,0.045013427734375
2026-09-26T07:55:52.992+00:00,Y,-0.0450592041015625
2026-09-26T07:55:54.162+00:00,Z,-0.97784423828125
2026-09-26T07:55:56.022+00:00,X,0.04449462890625
2026-09-26T07:55:57.035+00:00,Y,-0.0479888916015625
2026-09-26T07:55:58.204+00:00,Z,-0.978424072265625
2026-09-26T07:55:59.058+00:00,X,0.0440826416015625
2026-09-26T07:56:00.070+00:00,Y,-0.0466766357421875
2026-09-26T07:56:01.237+00:00,Z,-0.97906494140625
2026-09-26T07:56:02.095+00:00,X,0.0448760986328125
2026-09-26T07:56:03.111+00:00,Y,-0.044921875
2026-09-26T07:56:04.274+00:00,Z,-0.9801788330078125
2026-09-26T07:56:05.131+00:00,X,0.04510498046875
2026-09-26T07:56:06.143+00:00,Y,-0.0460968017578125
2026-09-26T07:56:07.316+00:00,Z,-0.9804534912109375
2026-09-26T07:56:08.160+00:00,X,0.04364013671875
2026-09-26T07:56:09.170+00:00,Y,-0.0472259521484375
2026-09-26T07:56:10.350+00:00,Z,-0.9786224365234375
2026-09-26T07:56:11.189+00:00,X,0.046173095703125
2026-09-26T07:56:12.199+00:00,Y,-0.044403076171875
2026-09-26T07:56:13.385+00:00,Z,-0.9788665771484375
2026-09-26T07:56:14.224+00:00,X,0.0457305908203125
2026-09-26T07:56:15.234+00:00,Y,-0.0476226806640625
2026-09-26T07:56:16.416+00:00,Z,-0.98089599609375
2026-09-26T07:56:17.259+00:00,X,0.04656982421875
2026-09-26T07:56:18.272+00:00,Y,-0.045745849609375
2026-09-26T07:56:19.458+00:00,Z,-0.978790283203125
2026-09-26T07:56:20.297+00:00,X,0.0438385009765625
2026-09-26T07:56:21.305+00:00,Y,-0.0448150634765625
2026-09-26T07:56:22.488+00:00,Z,-0.9806976318359375
2026-09-26T07:56:23.330+00:00,X,0.0492401123046875
2026-09-26T07:56:24.343+00:00,Y,-0.0482635498046875
2026-09-26T07:56:25.522+00:00,Z,-0.9840087890625
2026-09-26T07:56:26.363+00:00,X,0.0453338623046875
2026-09-26T07:56:27.378+00:00,Y,-0.044403076171875
2026-09-26T07:56:28.559+00:00,Z,-0.9793701171875
2026-09-26T07:56:30.415+00:00,X,0.0446929931640625
2026-09-26T07:56:31.425+00:00,Y,-0.0443878173828125
2026-09-26T07:56:32.589+00:00,Z,-0.9810638427734375
2026-09-26T07:56:33.445+00:00,X,0.0437774658203125
2026-09-26T07:56:34.456+00:00,Y,-0.0444793701171875
2026-09-26T07:56:35.624+00:00,Z,-0.980255126953125
2026-09-26T07:56:36.479+00:00,X,0.0487518310546875
2026-09-26T07:56:37.492+00:00,Y,-0.0465240478515625
2026-09-26T07:56:38.658+00:00,Z,-0.980072021484375
2026-09-26T07:56:39.514+00:00,X,0.0470123291015625
2026-09-26T07:56:40.524+00:00,Y,-0.0456390380859375
2026-09-26T07:56:41.690+00:00,Z,-0.979644775390625
2026-09-26T07:56:42.545+00:00,X,0.0396270751953125
2026-09-26T07:56:43.558+00:00,Y,-0.04644775390625
2026-09-26T07:56:44.726+00:00,Z,-0.9771575927734375
2026-09-26T07:56:45.581+00:00,X,0.05401611328125
2026-09-26T07:56:46.588+00:00,Y,-0.0638427734375
2026-09-26T07:56:47.753+00:00,Z,-0.9791107177734375
2026-09-26T07:56:48.604+00:00,X,0.0439605712890625
2026-09-26T07:56:49.616+00:00,Y,-0.0471343994140625
2026-09-26T07:56:50.783+00:00,Z,-0.9788055419921875
2026-09-26T07:56:51.640+00:00,X,0.04461669921875
2026-09-26T07:56:52.653+00:00,Y,-0.0445098876953125
2026-09-26T07:56:53.820+00:00,Z,-0.97503662109375
2026-09-26T07:56:54.680+00:00,X,0.0413360595703125
2026-09-26T07:56:55.688+00:00,Y,-0.037322998046875
2026-09-26T07:56:56.854+00:00,Z,-0.97918701171875
2026-09-26T07:56:57.709+00:00,X,0.0487213134765625
2026-09-26T07:56:58.719+00:00,Y,-0.0496063232421875
2026-09-26T07:56:59.876+00:00,Z,-0.9783935546875
2026-09-26T07:57:00.733+00:00,X,0.04168701171875
2026-09-26T07:57:01.745+00:00,Y,-0.03607177734375
2026-09-26T07:57:02.916+00:00,Z,-0.9816436767578125
2026-09-26T07:57:04.787+00:00,X,0.038238525390625
2026-09-26T07:57:05.801+00:00,Y,-0.0450286865234375
2026-09-26T07:57:06.966+00:00,Z,-0.97869873046875
2026-09-26T07:57:07.820+00:00,X,0.0482330322265625
2026-09-26T07:57:08.833+00:00,Y,-0.0455322265625
2026-09-26T07:57:09.996+00:00,Z,-0.9791412353515625
2026-09-26T07:57:10.852+00:00,X,0.0441436767578125
2026-09-26T07:57:11.866+00:00,Y,-0.04681396484375
2026-09-26T07:57:13.033+00:00,Z,-0.9801788330078125
2026-09-26T07:57:13.892+00:00,X,0.0377960205078125
2026-09-26T07:57:14.906+00:00,Y,-0.0460357666015625
2026-09-26T07:57:16.075+00:00,Z,-0.9819793701171875
2026-09-26T07:57:16.922+00:00,X,0.0407562255859375
2026-09-26T07:57:17.932+00:00,Y,-0.049468994140625
2026-09-26T07:57:19.098+00:00,Z,-0.9824676513671875
2026-09-26T07:57:19.952+00:00,X,0.0427398681640625
2026-09-26T07:57:20.963+00:00,Y,-0.0446319580078125
2026-09-26T07:57:22.127+00:00,Z,-0.9805450439453125
2026-09-26T07:57:22.986+00:00,X,0.0437164306640625
2026-09-26T07:57:23.999+00:00,Y,-0.0439453125
2026-09-26T07:57:25.169+00:00,Z,-0.9788970947265625
2026-09-26T07:57:26.015+00:00,X,0.0445709228515625
2026-09-26T07:57:27.026+00:00,Y,-0.043792724609375
2026-09-26T07:57:28.193+00:00,Z,-0.978485107421875
2026-09-26T07:57:29.052+00:00,X,0.0452117919921875
2026-09-26T07:57:30.067+00:00,Y,-0.0452728271484375
2026-09-26T07:57:31.233+00:00,Z,-0.9765472412109375
2026-09-26T07:57:32.090+00:00,X,0.0438079833984375
2026-09-26T07:57:33.102+00:00,Y,-0.04638671875
2026-09-26T07:57:34.271+00:00,Z,-0.97882080078125
2026-09-26T07:57:36.141+00:00,X,0.0437469482421875
2026-09-26T07:57:37.154+00:00,Y,-0.04302978515625
2026-09-26T07:57:38.320+00:00,Z,-0.9807281494140625
2026-09-26T07:57:39.176+00:00,X,0.043609619140625
2026-09-26T07:57:40.187+00:00,Y,-0.046875
2026-09-26T07:57:41.356+00:00,Z,-0.9788360595703125
2026-09-26T07:57:42.211+00:00,X,0.0465087890625
2026-09-26T07:57:43.222+00:00,Y,-0.04559326171875
2026-09-26T07:57:44.388+00:00,Z,-0.975555419921875
2026-09-26T07:57:45.234+00:00,X,0.0428466796875
2026-09-26T07:57:46.246+00:00,Y,-0.0456695556640625
2026-09-26T07:57:47.412+00:00,Z,-0.9794158935546875
2026-09-26T07:57:48.269+00:00,X,0.0353240966796875
2026-09-26T07:57:49.284+00:00,Y,-0.043792724609375
2026-09-26T07:57:50.448+00:00,Z,-0.9778594970703125
2026-09-26T07:57:51.306+00:00,X,0.0442657470703125
2026-09-26T07:57:52.312+00:00,Y,-0.04638671875
2026-09-26T07:57:53.479+00:00,Z,-0.9790802001953125
2026-09-26T07:57:54.339+00:00,X,0.046356201171875
2026-09-26T07:57:55.346+00:00,Y,-0.0487518310546875
2026-09-26T07:57:56.516+00:00,Z,-0.98101806640625
2026-09-26T07:57:57.373+00:00,X,0.045379638671875
2026-09-26T07:57:58.384+00:00,Y,-0.0457611083984375
2026-09-26T07:57:59.551+00:00,Z,-0.9785003662109375
2026-09-26T07:58:00.410+00:00,X,0.0448455810546875
2026-09-26T07:58:01.421+00:00,Y,-0.0444488525390625
2026-09-26T07:58:02.588+00:00,Z,-0.9804229736328125
2026-09-26T07:58:03.444+00:00,X,0.043914794921875
2026-09-26T07:58:04.455+00:00,Y,-0.046173095703125
2026-09-26T07:58:05.623+00:00,Z,-0.9797210693359375
2026-09-26T07:58:06.477+00:00,X,0.04473876953125
2026-09-26T07:58:07.486+00:00,Y,-0.044830322265625
2026-09-26T07:58:08.653+00:00,Z,-0.980194091796875
2026-09-26T07:58:10.508+00:00,X,0.045623779296875
2026-09-26T07:58:11.518+00:00,Y,-0.0481719970703125
2026-09-26T07:58:12.700+00:00,Z,-0.9794158935546875
2026-09-26T07:58:13.539+00:00,X,0.04193115234375
2026-09-26T07:58:14.553+00:00,Y,-0.0440673828125
2026-09-26T07:58:15.739+00:00,Z,-0.980194091796875
2026-09-26T07:58:16.581+00:00,X,0.0423736572265625
2026-09-26T07:58:17.594+00:00,Y,-0.0458526611328125
2026-09-26T07:58:18.768+00:00,Z,-0.9806365966796875
2026-09-26T07:58:19.609+00:00,X,0.0439453125
2026-09-26T07:58:20.619+00:00,Y,-0.0449066162109375
2026-09-26T07:58:21.803+00:00,Z,-0.978485107421875
2026-09-26T07:58:22.642+00:00,X,0.0470123291015625
2026-09-26T07:58:23.651+00:00,Y,-0.0479736328125
2026-09-26T07:58:24.834+00:00,Z,-0.97796630859375
2026-09-26T07:58:25.673+00:00,X,0.0450897216796875
2026-09-26T07:58:26.686+00:00,Y,-0.0489654541015625
2026-09-26T07:58:27.869+00:00,Z,-0.978973388671875
2026-09-26T07:58:28.714+00:00,X,0.0437469482421875
2026-09-26T07:58:29.722+00:00,Y,-0.0474700927734375
2026-09-26T07:58:30.895+00:00,Z,-0.97991943359375
2026-09-26T07:58:31.734+00:00,X,0.044830322265625
2026-09-26T07:58:32.748+00:00,Y,-0.0469818115234375
2026-09-26T07:58:33.933+00:00,Z,-0.979888916015625
2026-09-26T07:58:34.774+00:00,X,0.0445556640625
2026-09-26T07:58:35.776+00:00,Y,-0.0460205078125
2026-09-26T07:58:36.963+00:00,Z,-0.9787445068359375
2026-09-26T07:58:37.802+00:00,X,0.0484161376953125
2026-09-26T07:58:38.813+00:00,Y,-0.044036865234375
2026-09-26T07:58:39.991+00:00,Z,-0.9788360595703125
2026-09-26T07:58:40.836+00:00,X,0.0410003662109375
2026-09-26T07:58:41.851+00:00,Y,-0.050750732421875
2026-09-26T07:58:43.030+00:00,Z,-0.9819793701171875
2026-09-26T07:58:43.871+00:00,X,0.0479888916015625
2026-09-26T07:58:44.884+00:00,Y,-0.0494232177734375
2026-09-26T07:58:46.067+00:00,Z,-0.977996826171875
2026-09-26T07:58:47.915+00:00,X,0.042816162109375
2026-09-26T07:58:48.930+00:00,Y,-0.045135498046875
2026-09-26T07:58:50.114+00:00,Z,-0.9808349609375
2026-09-26T07:58:50.959+00:00,X,0.041961669921875
2026-09-26T07:58:51.970+00:00,Y,-0.0499267578125
2026-09-26T07:58:53.152+00:00,Z,-0.99237060546875
2026-09-26T07:58:53.994+00:00,X,0.0439910888671875
2026-09-26T07:58:55.009+00:00,Y,-0.05078125
2026-09-26T07:58:56.193+00:00,Z,-0.9820098876953125
2026-09-26T07:58:57.020+00:00,X,0.042510986328125
2026-09-26T07:58:58.033+00:00,Y,-0.0461883544921875
2026-09-26T07:58:59.228+00:00,Z,-0.9794464111328125
2026-09-26T07:59:00.053+00:00,X,0.0406646728515625
2026-09-26T07:59:01.063+00:00,Y,-0.0449981689453125
2026-09-26T07:59:02.261+00:00,Z,-0.980072021484375
2026-09-26T07:59:03.084+00:00,X,0.0428314208984375
2026-09-26T07:59:04.092+00:00,Y,-0.0490264892578125
2026-09-26T07:59:05.290+00:00,Z,-0.98089599609375
2026-09-26T07:59:06.116+00:00,X,0.0443572998046875
2026-09-26T07:59:07.129+00:00,Y,-0.0455169677734375
2026-09-26T07:59:08.323+00:00,Z,-0.9789276123046875
2026-09-26T07:59:09.145+00:00,X,0.0440521240234375
2026-09-26T07:59:10.158+00:00,Y,-0.0467071533203125
2026-09-26T07:59:11.357+00:00,Z,-0.980987548828125
2026-09-26T07:59:12.183+00:00,X,0.043365478515625
2026-09-26T07:59:13.191+00:00,Y,-0.0482177734375
2026-09-26T07:59:14.389+00:00,Z,-0.9799346923828125
2026-09-26T07:59:15.216+00:00,X,0.0460968017578125
2026-09-26T07:59:16.227+00:00,Y,-0.045440673828125
2026-09-26T07:59:17.427+00:00,Z,-0.97991943359375
2026-09-26T07:59:18.239+00:00,X,0.04327392578125
2026-09-26T07:59:19.252+00:00,Y,-0.047821044921875
2026-09-26T07:59:20.467+00:00,Z,-0.9809417724609375
2026-09-26T07:59:22.294+00:00,X,0.0445556640625
2026-09-26T07:59:23.307+00:00,Y,-0.04669189453125
2026-09-26T07:59:24.515+00:00,Z,-0.9783782958984375
2026-09-26T07:59:25.325+00:00,X,0.0423583984375
2026-09-26T07:59:26.337+00:00,Y,-0.046417236328125
2026-09-26T07:59:27.553+00:00,Z,-0.97943115234375
2026-09-26T07:59:28.353+00:00,Y,-0.043701171875
2026-09-26T07:59:29.579+00:00,Z,-0.980682373046875
2026-09-26T07:59:30.376+00:00,X,0.04541015625
2026-09-26T07:59:31.387+00:00,Y,-0.0471649169921875
2026-09-26T07:59:32.620+00:00,Z,-0.9805755615234375
2026-09-26T07:59:33.397+00:00,X,0.0455780029296875
2026-09-26T07:59:34.409+00:00,Y,-0.0482330322265625
2026-09-26T07:59:35.657+00:00,Z,-0.980621337890625
2026-09-26T07:59:36.433+00:00,X,0.0426788330078125
2026-09-26T07:59:37.447+00:00,Y,-0.0477142333984375
2026-09-26T07:59:38.691+00:00,Z,-0.9803466796875
2026-09-26T07:59:39.471+00:00,X,0.0455780029296875
2026-09-26T07:59:40.482+00:00,Y,-0.045318603515625
2026-09-26T07:59:41.726+00:00,Z,-0.9796600341796875
2026-09-26T07:59:42.506+00:00,X,0.0415802001953125
2026-09-26T07:59:43.516+00:00,Y,-0.0478057861328125
2026-09-26T07:59:44.761+00:00,Z,-0.9795379638671875
2026-09-26T07:59:45.539+00:00,X,0.042236328125
2026-09-26T07:59:46.550+00:00,Y,-0.046844482421875
2026-09-26T07:59:47.800+00:00,Z,-0.979766845703125
2026-09-26T07:59:48.576+00:00,X,0.0445556640625
2026-09-26T07:59:49.588+00:00,Y,-0.047882080078125
2026-09-26T07:59:50.832+00:00,Z,-0.978424072265625
2026-09-26T07:59:51.610+00:00,X,0.041290283203125
2026-09-26T07:59:52.616+00:00,Y,-0.0482940673828125
2026-09-26T07:59:53.853+00:00,Z,-0.9798126220703125
2026-09-26T07:59:55.641+00:00,X,0.043212890625
2026-09-26T07:59:56.653+00:00,Y,-0.05029296875
2026-09-26T07:59:57.897+00:00,Z,-0.9794769287109375
2026-09-26T07:59:58.674+00:00,X,0.04290771484375
2026-09-26T07:59:59.690+00:00,Y,-0.0479583740234375
2026-09-26T08:00:00.932+00:00,Z,-0.9789886474609375
2026-09-26T08:00:01.701+00:00,X,0.044158935546875
2026-09-26T08:00:02.715+00:00,Y,-0.0454559326171875
2026-09-26T08:00:03.944+00:00,Z,-0.9792327880859375
2026-09-26T08:00:04.740+00:00,X,0.043701171875
2026-09-26T08:00:05.749+00:00,Y,-0.046417236328125
2026-09-26T08:00:06.977+00:00,Z,-0.98016357421875
2026-09-26T08:00:07.769+00:00,X,0.048614501953125
2026-09-26T08:00:08.782+00:00,Y,-0.046905517578125
2026-09-26T08:00:10.008+00:00,Z,-0.9784088134765625
2026-09-26T08:00:10.798+00:00,X,0.04437255859375
2026-09-26T08:00:11.808+00:00,Y,-0.046112060546875
2026-09-26T08:00:13.036+00:00,Z,-0.9806671142578125
2026-09-26T08:00:13.826+00:00,X,0.04119873046875
2026-09-26T08:00:14.836+00:00,Y,-0.046783447265625
2026-09-26T08:00:16.067+00:00,Z,-0.9817657470703125
2026-09-26T08:00:16.854+00:00,X,0.0459136962890625
2026-09-26T08:00:17.867+00:00,Y,-0.0457305908203125
2026-09-26T08:00:19.093+00:00,Z,-0.97796630859375
2026-09-26T08:00:19.890+00:00,X,0.0471343994140625
2026-09-26T08:00:20.892+00:00,Y,-0.0514984130859375
2026-09-26T08:00:22.139+00:00,Z,-0.97808837890625
2026-09-26T08:00:22.913+00:00,X,0.044586181640625
2026-09-26T08:00:23.924+00:00,Y,-0.0456085205078125
2026-09-26T08:00:25.169+00:00,Z,-0.979461669921875
2026-09-26T08:00:25.948+00:00,X,0.04400634765625
2026-09-26T08:00:26.962+00:00,Y,-0.04827880859375
2026-09-26T08:00:28.207+00:00,Z,-0.9786376953125
2026-09-26T08:00:29.999+00:00,X,0.0382537841796875
2026-09-26T08:00:31.010+00:00,Y,-0.045562744140625
2026-09-26T08:00:32.258+00:00,Z,-0.9815673828125
2026-09-26T08:00:33.039+00:00,X,0.0438079833984375
2026-09-26T08:00:34.054+00:00,Y,-0.0465240478515625
2026-09-26T08:00:35.299+00:00,Z,-0.98028564453125
2026-09-26T08:00:36.074+00:00,X,0.040252685546875
2026-09-26T08:00:37.087+00:00,Y,-0.0499114990234375
2026-09-26T08:00:38.335+00:00,Z,-0.981597900390625
2026-09-26T08:00:39.116+00:00,X,0.043701171875
2026-09-26T08:00:40.117+00:00,Y,-0.0440216064453125
2026-09-26T08:00:41.375+00:00,Z,-0.979766845703125
2026-09-26T08:00:42.134+00:00,X,0.04083251953125
2026-09-26T08:00:43.141+00:00,Y,-0.0448455810546875
2026-09-26T08:00:44.400+00:00,Z,-0.9812469482421875
2026-09-26T08:00:45.165+00:00,X,0.0496368408203125
2026-09-26T08:00:46.178+00:00,Y,-0.0504608154296875
2026-09-26T08:00:47.439+00:00,Z,-0.9792327880859375
2026-09-26T08:00:48.206+00:00,X,0.04205322265625
2026-09-26T08:00:49.218+00:00,Y,-0.046661376953125
2026-09-26T08:00:50.480+00:00,Z,-0.9796905517578125
2026-09-26T08:00:51.243+00:00,X,0.0451507568359375
2026-09-26T08:00:52.252+00:00,Y,-0.0472412109375
2026-09-26T08:00:53.511+00:00,Z,-0.980255126953125
2026-09-26T08:00:54.273+00:00,X,0.0478363037109375
2026-09-26T08:00:55.282+00:00,Y,-0.0482635498046875
2026-09-26T08:00:56.538+00:00,Z,-0.9778900146484375
2026-09-26T08:00:57.301+00:00,X,0.0465240478515625
2026-09-26T08:00:58.315+00:00,Y,-0.044586181640625
2026-09-26T08:00:59.575+00:00,Z,-0.9786376953125
2026-09-26T08:01:00.337+00:00,X,0.046630859375
2026-09-26T08:01:01.353+00:00,Y,-0.04638671875
2026-09-26T08:01:02.612+00:00,Z,-0.98004150390625
2026-09-26T08:01:04.388+00:00,X,0.0459442138671875
2026-09-26T08:01:05.400+00:00,Y,-0.049774169921875
2026-09-26T08:01:06.658+00:00,Z,-0.980316162109375
2026-09-26T08:01:07.424+00:00,X,0.046478271484375
2026-09-26T08:01:08.439+00:00,Y,-0.04852294921875
2026-09-26T08:01:09.682+00:00,Z,-0.9746246337890625
2026-09-26T08:01:10.447+00:00,X,0.04327392578125
2026-09-26T08:01:11.460+00:00,Y,-0.04693603515625
2026-09-26T08:01:12.720+00:00,Z,-0.982940673828125
2026-09-26T08:01:13.481+00:00,X,0.0424957275390625
2026-09-26T08:01:14.491+00:00,Y,-0.05035400390625
2026-09-26T08:01:15.754+00:00,Z,-0.979522705078125
2026-09-26T08:01:16.517+00:00,X,0.044830322265625
2026-09-26T08:01:17.530+00:00,Y,-0.045867919921875
2026-09-26T08:01:18.786+00:00,Z,-0.9791412353515625
2026-09-26T08:01:19.546+00:00,X,0.0395965576171875
2026-09-26T08:01:20.561+00:00,Y,-0.0357208251953125
2026-09-26T08:01:21.821+00:00,Z,-0.9831390380859375
2026-09-26T08:01:22.587+00:00,X,0.0412139892578125
2026-09-26T08:01:23.600+00:00,Y,-0.0453948974609375
2026-09-26T08:01:24.861+00:00,Z,-0.9810943603515625
2026-09-26T08:01:25.621+00:00,X,0.0447540283203125
2026-09-26T08:01:26.629+00:00,Y,-0.0450592041015625
2026-09-26T08:01:27.891+00:00,Z,-0.9796295166015625
2026-09-26T08:01:28.654+00:00,X,0.046966552734375
2026-09-26T08:01:29.663+00:00,Y,-0.0518798828125
2026-09-26T08:01:30.927+00:00,Z,-0.980010986328125
2026-09-26T08:01:31.679+00:00,X,0.0420989990234375
2026-09-26T08:01:32.690+00:00,Y,-0.0453033447265625
2026-09-26T08:01:33.969+00:00,Z,-0.9801025390625
2026-09-26T08:01:34.716+00:00,X,0.0460052490234375
2026-09-26T08:01:35.728+00:00,Y,-0.0459442138671875
2026-09-26T08:01:37.007+00:00,Z,-0.9786834716796875
2026-09-26T08:01:38.767+00:00,X,0.0428619384765625
2026-09-26T08:01:39.769+00:00,Y,-0.0394287109375
2026-09-26T08:01:41.061+00:00,Z,-0.98004150390625
2026-09-26T08:01:41.794+00:00,X,0.0460357666015625
2026-09-26T08:01:42.808+00:00,Y,-0.04833984375
2026-09-26T08:01:44.087+00:00,Z,-0.98358154296875
2026-09-26T08:01:44.837+00:00,X,0.044464111328125
2026-09-26T08:01:45.848+00:00,Y,-0.042205810546875
2026-09-26T08:01:47.124+00:00,Z,-0.9809417724609375
2026-09-26T08:01:47.872+00:00,X,0.0455169677734375
2026-09-26T08:01:48.882+00:00,Y,-0.0493316650390625
2026-09-26T08:01:50.147+00:00,Z,-0.980621337890625
2026-09-26T08:01:50.910+00:00,X,0.045745849609375
